"a_ID","Police_Force.x","a_type.x","a_veh.x","a_cas.x","a_date.x","a_day.x","a_time.x","a_gd1.x","a_gd2.x","LGDNAME.x","a_ctype.x","a_speed.x","a_jdet.x","a_jcont.x","a_pedhum.x","a_pedphys.x","a_light.x","a_weat.x","a_roadsc.x","a_speccs.x","a_chaz.x","a_scene.x","Urban_Rural.x","year.x","X.x","Y.x","CLASS","NAME","ROAD_NUMBE","OA_CODE"
"A100005","Police Service of Northern Ireland",3,2,1,2013-10-24,"THU","17:50",334227,374339,"Belfast City",2,30,NA,NA,NA,NA,NA,NA,NA,NA,NA,NA,"URBAN","2013",-5.92382124484206,54.5994520810495,"U","ANN STREET","U0624","95GG390015"
"A100035","Police Service of Northern Ireland",3,2,3,2013-10-26,"SAT","20:10",334368,374363,"Belfast City",2,30,NA,NA,NA,NA,NA,NA,NA,NA,NA,NA,"URBAN","2013",-5.92163013128806,54.5996301034569,"U","BERRY STREET","U0621","95GG200003"
"A100127","Police Service of Northern Ireland",3,2,1,2013-11-01,"FRI","00:37",333496,374705,"Belfast City",13,30,NA,NA,NA,NA,NA,NA,NA,NA,NA,NA,"URBAN","2013",-5.93495764471024,54.6029311829617,"A","MAY STREET","A0020","95GG350004"
"A100200","Police Service of Northern Ireland",3,2,1,2013-11-04,"MON","13:41",334199,375484,"Belfast City",13,30,NA,NA,NA,NA,NA,NA,NA,NA,NA,NA,"URBAN","2013",-5.92373088022188,54.6097383981571,"A","YORK STREET","A0002","95GG200003"
"A100282","Police Service of Northern Ireland",3,1,1,2013-11-08,"FRI","15:45",333720,374166,"Belfast City",13,30,NA,NA,NA,NA,NA,NA,NA,NA,NA,NA,"URBAN","2013",-5.93173924905482,54.5980332821678,"U","EXCHANGE STREET","U0620","95GG210002"
"A100294","Police Service of Northern Ireland",3,1,2,2013-11-09,"SAT","01:41",333532,373967,"Belfast City",13,30,NA,NA,NA,NA,NA,NA,NA,NA,NA,NA,"URBAN","2013",-5.93473647211624,54.5962964608322,"U","UPPER QUEEN STREET","U0624","95GG390012"
"A100389","Police Service of Northern Ireland",3,2,2,2013-11-14,"THU","16:30",334278,374352,"Belfast City",2,30,NA,NA,NA,NA,NA,NA,NA,NA,NA,NA,"URBAN","2013",-5.9230267419699,54.5995552505858,"U","ANN STREET","U0624","95GG200003"
"A100588","Police Service of Northern Ireland",3,1,1,2013-11-25,"MON","11:00",334397,374006,"Belfast City",13,30,NA,NA,NA,NA,NA,NA,NA,NA,NA,NA,"URBAN","2013",-5.92134506761952,54.5964175433785,"U","MONTGOMERY STREET","U0624","95GG390013"
"A100673","Police Service of Northern Ireland",3,1,1,2013-11-29,"FRI","09:10",333911,374152,"Belfast City",13,30,NA,NA,NA,NA,NA,NA,NA,NA,NA,NA,"URBAN","2013",-5.92879248844595,54.5978570822663,"U","COARS LANE","U0620","95GG390015"
"A100942","Police Service of Northern Ireland",3,1,1,2013-12-13,"FRI","08:00",334201,374124,"Belfast City",2,30,NA,NA,NA,NA,NA,NA,NA,NA,NA,NA,"URBAN","2013",-5.92432148214194,54.5975288794451,"A","YORK STREET","A0002","95GG390015"
"A100978","Police Service of Northern Ireland",3,2,1,2013-12-15,"SUN","03:30",333800,374763,"Belfast City",13,30,NA,NA,NA,NA,NA,NA,NA,NA,NA,NA,"URBAN","2013",-5.93023035884629,54.6033715420777,"U","DONEGALL STREET","U0620","95GG200003"
"A101007","Police Service of Northern Ireland",3,1,2,2013-12-16,"MON","15:41",334201,374123,"Belfast City",2,30,NA,NA,NA,NA,NA,NA,NA,NA,NA,NA,"URBAN","2013",-5.92432193898054,54.5975199022372,"A","YORK STREET","A0002","95GG390015"
"A101094","Police Service of Northern Ireland",3,1,1,2013-12-21,"SAT","01:10",333755,374836,"Belfast City",13,30,NA,NA,NA,NA,NA,NA,NA,NA,NA,NA,"URBAN","2013",-5.93089296610941,54.6040387815774,"U","DONEGALL STREET","U0620","95GG350004"
"A101308","Police Service of Northern Ireland",3,2,2,2014-01-04,"SAT","23:40",333478,374408,"Belfast City",2,30,NA,NA,NA,NA,NA,NA,NA,NA,NA,NA,"URBAN","2014",-5.93537096976549,54.6002696856205,"U","GLOUCESTER STREET","U0624","95GG210002"
"A101324","Police Service of Northern Ireland",3,2,1,2014-01-06,"MON","14:30",334200,374127,"Belfast City",2,30,NA,NA,NA,NA,NA,NA,NA,NA,NA,NA,"URBAN","2014",-5.92433557287538,54.5975560763208,"A","YORK STREET","A0002","95GG390015"
"A101468","Police Service of Northern Ireland",3,2,2,2014-01-13,"MON","20:15",333643,374986,"Belfast City",13,30,NA,NA,NA,NA,NA,NA,NA,NA,NA,NA,"URBAN","2014",-5.93255663891958,54.6054149724712,"U","DONEGALL STREET","U0620","95GG350005"
"A101508","Police Service of Northern Ireland",3,1,1,2014-01-16,"THU","10:00",333959,373955,"Belfast City",13,30,NA,NA,NA,NA,NA,NA,NA,NA,NA,NA,"URBAN","2014",-5.92814017294912,54.5960758608711,"B","NORTH STREET","B0010","95GG390015"
"A101535","Police Service of Northern Ireland",3,2,2,2014-01-17,"FRI","14:59",334239,373982,"Belfast City",13,30,NA,NA,NA,NA,NA,NA,NA,NA,NA,NA,"URBAN","2014",-5.92379884207334,54.5962440352037,"A","MAY STREET","A0020","95GG390011"
"A101621","Police Service of Northern Ireland",3,1,1,2014-01-22,"WED","15:40",334210,374126,"Belfast City",13,30,NA,NA,NA,NA,NA,NA,NA,NA,NA,NA,"URBAN","2014",-5.92418141724912,54.5975444465048,"A","YORK STREET","A0002","95GG390015"
"A101705","Police Service of Northern Ireland",3,1,1,2014-01-28,"TUE","11:47",333742,374854,"Belfast City",13,30,NA,NA,NA,NA,NA,NA,NA,NA,NA,NA,"URBAN","2014",-5.93108579686283,54.6042038093161,"A","DONEGALL SQUARE NORTH","A0001","95GG350004"
"A101719","Police Service of Northern Ireland",2,1,1,2014-01-29,"WED","10:30",333808,374083,"Belfast City",13,30,12,3,3,11,1,1,2,1,9,2,"URBAN","2014",-5.93041644451361,54.5972649044021,"A","DONEGALL SQUARE WEST","A0001","95GG390015"
"A101720","Police Service of Northern Ireland",3,2,2,2014-01-29,"WED","13:45",333689,374628,"Belfast City",13,30,NA,NA,NA,NA,NA,NA,NA,NA,NA,NA,"URBAN","2014",-5.93200826805086,54.6021889634319,"A","MAY STREET","A0020","95GG350004"
"A101724","Police Service of Northern Ireland",3,2,1,2014-01-29,"WED","16:35",333942,374454,"Belfast City",13,30,NA,NA,NA,NA,NA,NA,NA,NA,NA,NA,"URBAN","2014",-5.92817547167429,54.600559998913,"U","QUEEN STREET","U0624","95GG200003"
"A101744","Police Service of Northern Ireland",3,1,1,2014-01-30,"THU","16:20",333613,374163,"Belfast City",2,30,NA,NA,NA,NA,NA,NA,NA,NA,NA,NA,"URBAN","2014",-5.93339499597469,54.5980346199443,"U","ROSEMARY STREET","U0620","95GG210002"
"A101794","Police Service of Northern Ireland",3,1,1,2014-02-02,"SUN","16:15",333946,375022,"Belfast City",13,30,NA,NA,NA,NA,NA,NA,NA,NA,NA,NA,"URBAN","2014",-5.92785454181644,54.6056580009954,"A","YORK STREET","A0002","95GG200003"
"A101834","Police Service of Northern Ireland",3,2,2,2014-02-04,"TUE","18:25",333493,374707,"Belfast City",13,30,NA,NA,NA,NA,NA,NA,NA,NA,NA,NA,"URBAN","2014",-5.93500312572503,54.6029499292091,"A","MAY STREET","A0020","95GG350004"
"A101904","Police Service of Northern Ireland",3,1,1,2014-02-08,"SAT","02:30",333902,374083,"Belfast City",2,30,NA,NA,NA,NA,NA,NA,NA,NA,NA,NA,"URBAN","2014",-5.92896309282205,54.5972400351756,"A","DONEGALL SQUARE SOUTH","A0020","95GG390015"
"A101972","Police Service of Northern Ireland",3,1,1,2014-02-12,"WED","12:50",334200,375760,"Belfast City",13,30,NA,NA,NA,NA,NA,NA,NA,NA,NA,NA,"URBAN","2014",-5.92358922363154,54.6122158355849,"A","YORK STREET","A0002","95GG200003"
"A102006","Police Service of Northern Ireland",3,1,1,2014-02-14,"FRI","14:25",333627,374241,"Belfast City",13,30,NA,NA,NA,NA,NA,NA,NA,NA,NA,NA,"URBAN","2014",-5.93314305182596,54.5987311484413,"U","ROSEMARY STREET","U0620","95GG210002"
"A102109","Police Service of Northern Ireland",3,1,1,2014-02-21,"FRI","15:50",333524,374290,"Belfast City",13,30,NA,NA,NA,NA,NA,NA,NA,NA,NA,NA,"URBAN","2014",-5.93471334254266,54.5991982293319,"U","MONTGOMERY STREET","U0624","95GG210002"
"A102190","Police Service of Northern Ireland",3,2,2,2014-02-26,"WED","20:15",333559,373912,"Belfast City",13,30,NA,NA,NA,NA,NA,NA,NA,NA,NA,NA,"URBAN","2014",-5.93434403223596,54.5957955846311,"A","HIGH STREET","A0501","95GG390015"
"A102359","Police Service of Northern Ireland",3,1,1,2014-03-06,"THU","22:40",333855,374856,"Belfast City",13,30,NA,NA,NA,NA,NA,NA,NA,NA,NA,NA,"URBAN","2014",-5.92933747333767,54.6041918727853,"A","YORK STREET","A0002","95GG200003"
"A102371","Police Service of Northern Ireland",2,1,1,2014-03-07,"FRI","12:59",333938,374099,"Belfast City",2,30,6,1,1,11,1,1,1,1,1,2,"URBAN","2014",-5.9283991956393,54.5973741418752,"A","WARING STREET","A0002","95GG390015"
"A102377","Police Service of Northern Ireland",3,1,1,2014-03-07,"FRI","16:26",333729,374277,"Belfast City",13,30,NA,NA,NA,NA,NA,NA,NA,NA,NA,NA,"URBAN","2014",-5.93154956165628,54.5990273778054,"U","GLOUCESTER STREET","U0624","95GG210002"
"A102391","Police Service of Northern Ireland",3,2,1,2014-03-08,"SAT","19:40",334045,375206,"Belfast City",13,30,NA,NA,NA,NA,NA,NA,NA,NA,NA,NA,"URBAN","2014",-5.92623956520122,54.6072835792165,"A","CHICHESTER STREET","A0020","95GG350003"
"A102456","Police Service of Northern Ireland",3,1,1,2014-03-13,"THU","09:48",333748,374323,"Belfast City",13,30,NA,NA,NA,NA,NA,NA,NA,NA,NA,NA,"URBAN","2014",-5.93123484016478,54.5994353083488,"U","BRIGHT STREET","U0823","95GG210002"
"A102477","Police Service of Northern Ireland",3,2,2,2014-03-14,"FRI","11:30",333996,374106,"Belfast City",2,30,NA,NA,NA,NA,NA,NA,NA,NA,NA,NA,"URBAN","2014",-5.92749925224427,54.5974216247143,"A","YORK STREET","A0002","95GG390015"
"A102486","Police Service of Northern Ireland",3,1,1,2014-03-14,"FRI","18:10",333818,374798,"Belfast City",13,30,NA,NA,NA,NA,NA,NA,NA,NA,NA,NA,"URBAN","2014",-5.92993606607312,54.6036809835327,"A","YORK STREET","A0002","95GG350004"
"A102510","Police Service of Northern Ireland",3,2,4,2014-03-16,"SUN","01:35",333564,373914,"Belfast City",2,30,NA,NA,NA,NA,NA,NA,NA,NA,NA,NA,"URBAN","2014",-5.93426581958575,54.5958122193046,"A","HIGH STREET","A0501","95GG390015"
"A102627","Police Service of Northern Ireland",3,2,1,2014-03-22,"SAT","19:45",333914,374955,"Belfast City",2,30,NA,NA,NA,NA,NA,NA,NA,NA,NA,NA,"URBAN","2014",-5.92837995876083,54.6050650007909,"A","YORK STREET","A0002","95GG200003"
"A102761","Police Service of Northern Ireland",3,2,1,2014-03-31,"MON","09:20",333768,374711,"Belfast City",13,30,NA,NA,NA,NA,NA,NA,NA,NA,NA,NA,"URBAN","2014",-5.93074887850211,54.6029131893422,"U","SEYMOUR ROW","U0624","95GG200003"
"A102782","Police Service of Northern Ireland",3,1,1,2014-04-01,"TUE","10:42",333633,374294,"Belfast City",13,30,NA,NA,NA,NA,NA,NA,NA,NA,NA,NA,"URBAN","2014",-5.93302616902241,54.5992053581517,"U","COLLEGE STREET","U0624","95GG210002"
"A102838","Police Service of Northern Ireland",3,2,1,2014-04-04,"FRI","22:52",333945,375018,"Belfast City",2,30,NA,NA,NA,NA,NA,NA,NA,NA,NA,NA,"URBAN","2014",-5.92787183095006,54.6056223569584,"A","YORK STREET","A0002","95GG200003"
"A102850","Police Service of Northern Ireland",3,2,1,2014-04-05,"SAT","14:00",334222,374343,"Belfast City",13,30,NA,NA,NA,NA,NA,NA,NA,NA,NA,NA,"URBAN","2014",-5.92389672680706,54.5994893164495,"U","ANN STREET","U0624","95GG200003"
"A102983","Police Service of Northern Ireland",3,1,1,2014-04-15,"TUE","14:05",333812,374225,"Belfast City",13,30,NA,NA,NA,NA,NA,NA,NA,NA,NA,NA,"URBAN","2014",-5.93028991515424,54.5985386147731,"U","CASTLE LANE","U0624","95GG390015"
"A103000","Police Service of Northern Ireland",3,1,1,2014-04-16,"WED","14:15",333995,373960,"Belfast City",13,30,NA,NA,NA,NA,NA,NA,NA,NA,NA,NA,"URBAN","2014",-5.9275813064407,54.5961112143632,"B","NORTH STREET","B0010","95GG390015"
"A103087","Police Service of Northern Ireland",3,2,3,2014-04-23,"WED","10:20",333534,373970,"Belfast City",13,30,NA,NA,NA,NA,NA,NA,NA,NA,NA,NA,"URBAN","2014",-5.93470418676305,54.5963228647968,"U","UPPER QUEEN STREET","U0624","95GG390012"
"A103183","Police Service of Northern Ireland",3,2,1,2014-04-30,"WED","16:50",334379,374150,"Belfast City",13,30,NA,NA,NA,NA,NA,NA,NA,NA,NA,NA,"URBAN","2014",-5.92155749172531,54.5977150401866,"A","WARING STREET",NA,"95GG390013"
"A103200","Police Service of Northern Ireland",3,2,1,2014-05-02,"FRI","01:49",333992,375106,"Belfast City",13,30,NA,NA,NA,NA,NA,NA,NA,NA,NA,NA,"URBAN","2014",-5.92710484705178,54.6063999025626,"A","YORK STREET","A0002","95GG200003"
"A103264","Police Service of Northern Ireland",3,1,1,2014-05-07,"WED","07:50",333736,374066,"Belfast City",2,30,NA,NA,NA,NA,NA,NA,NA,NA,NA,NA,"URBAN","2014",-5.93153739076416,54.597131328138,"A","DONEGALL SQUARE SOUTH","A0020","95GG390015"
"A103270","Police Service of Northern Ireland",3,1,1,2014-05-07,"WED","10:45",333518,374156,"Belfast City",13,30,NA,NA,NA,NA,NA,NA,NA,NA,NA,NA,"URBAN","2014",-5.93486702326321,54.5979968592475,"U","CLARKES LANE","U0620","95GG390015"
"A103516","Police Service of Northern Ireland",2,1,2,2014-05-20,"TUE","17:20",333712,374077,"Belfast City",2,30,12,3,1,11,1,1,1,1,1,1,"URBAN","2014",-5.93190345187273,54.5972364212527,"U","EXCHANGE STREET","U0620","95GG390015"
"A103527","Police Service of Northern Ireland",3,1,1,2014-05-21,"WED","14:45",333738,373962,"Belfast City",13,30,NA,NA,NA,NA,NA,NA,NA,NA,NA,NA,"URBAN","2014",-5.93155381325919,54.5961971654636,"A","DONEGALL PLACE","A0006","95GG390015"
"A103644","Police Service of Northern Ireland",3,2,2,2014-05-29,"THU","11:04",333838,373941,"Belfast City",2,30,NA,NA,NA,NA,NA,NA,NA,NA,NA,NA,"URBAN","2014",-5.93001730066312,54.5959822010288,"U","DUNBAR STREET","U0620","95GG390015"
"A103747","Police Service of Northern Ireland",3,1,1,2014-06-04,"WED","09:00",333748,373953,"Belfast City",13,30,NA,NA,NA,NA,NA,NA,NA,NA,NA,NA,"URBAN","2014",-5.93140330253083,54.596113726866,"A","DONEGALL PLACE","A0006","95GG390015"
"A103779","Police Service of Northern Ireland",2,2,1,2014-06-05,"THU","17:26",334377,374147,"Belfast City",2,30,1,1,1,12,1,1,1,1,1,2,"URBAN","2014",-5.92158978662155,54.597688639819,"A","WARING STREET",NA,"95GG390013"
"A103938","Police Service of Northern Ireland",3,1,1,2014-06-13,"FRI","13:30",333752,373947,"Belfast City",2,30,NA,NA,NA,NA,NA,NA,NA,NA,NA,NA,"URBAN","2014",-5.93134419105913,54.5960588059759,"A","DONEGALL PLACE","A0006","95GG390015"
"A104243","Police Service of Northern Ireland",3,1,1,2014-06-30,"MON","09:40",333786,374292,"Belfast City",13,30,NA,NA,NA,NA,NA,NA,NA,NA,NA,NA,"URBAN","2014",-5.93066140293138,54.5991469661585,"U","CHURCH LANE","U0624","95GG210002"
"A104308","Police Service of Northern Ireland",3,2,2,2014-07-03,"THU","19:15",333514,374697,"Belfast City",13,30,NA,NA,NA,NA,NA,NA,NA,NA,NA,NA,"URBAN","2014",-5.93468294090996,54.6028546141603,"A","MAY STREET","A0020","95GG350004"
"A104334","Police Service of Northern Ireland",3,1,1,2014-07-05,"SAT","03:30",333833,374083,"Belfast City",2,30,NA,NA,NA,NA,NA,NA,NA,NA,NA,NA,"URBAN","2014",-5.93002991459178,54.5972582919484,"A","DONEGALL SQUARE SOUTH","A0020","95GG390015"
"A104372","Police Service of Northern Ireland",3,2,1,2014-07-08,"TUE","08:30",333493,374713,"Belfast City",13,30,NA,NA,NA,NA,NA,NA,NA,NA,NA,NA,"URBAN","2014",-5.93500039823951,54.603003792771,"A","MAY STREET","A0020","95GG350004"
"A104377","Police Service of Northern Ireland",3,1,1,2014-07-08,"TUE","12:40",333766,374715,"Belfast City",13,30,NA,NA,NA,NA,NA,NA,NA,NA,NA,NA,"URBAN","2014",-5.93077798315245,54.6029496271829,"U","SEYMOUR ROW","U0624","95GG200003"
"A104616","Police Service of Northern Ireland",3,1,1,2014-07-24,"THU","18:17",333802,374295,"Belfast City",13,30,NA,NA,NA,NA,NA,NA,NA,NA,NA,NA,"URBAN","2014",-5.93041264573858,54.5991696664535,"U","CHURCH LANE","U0624","95GG210002"
"A104678","Police Service of Northern Ireland",3,2,1,2014-07-28,"MON","18:20",334049,375222,"Belfast City",11,30,NA,NA,NA,NA,NA,NA,NA,NA,NA,NA,"URBAN","2014",-5.92617039983212,54.6074261543036,"A","YORK STREET","A0002","95GG350001"
"A104750","Police Service of Northern Ireland",3,1,1,2014-08-02,"SAT","20:19",333747,374850,"Belfast City",13,30,NA,NA,NA,NA,NA,NA,NA,NA,NA,NA,"URBAN","2014",-5.93101029960565,54.6041665782956,"A","DONEGALL SQUARE NORTH","A0001","95GG350004"
"A104766","Police Service of Northern Ireland",3,1,1,2014-08-04,"MON","12:30",333764,374460,"Belfast City",13,30,NA,NA,NA,NA,NA,NA,NA,NA,NA,NA,"URBAN","2014",-5.93092505494374,54.600660960208,"U","ROSEMARY STREET","U0620","95GG210002"
"A104795","Police Service of Northern Ireland",3,2,1,2014-08-05,"TUE","16:45",334040,375196,"Belfast City",13,30,NA,NA,NA,NA,NA,NA,NA,NA,NA,NA,"URBAN","2014",-5.92632145561183,54.6071951323411,"A","CHICHESTER STREET","A0020","95GG350003"
"A104805","Police Service of Northern Ireland",3,2,3,2014-08-06,"WED","12:00",334359,374361,"Belfast City",13,30,NA,NA,NA,NA,NA,NA,NA,NA,NA,NA,"URBAN","2014",-5.92177020426006,54.5996145394259,"U","BERRY STREET","U0621","95GG200003"
"A105068","Police Service of Northern Ireland",3,1,1,2014-08-25,"MON","01:35",333981,374103,"Belfast City",13,30,NA,NA,NA,NA,NA,NA,NA,NA,NA,NA,"URBAN","2014",-5.92773253899578,54.597398665508,"U","ANN STREET","U0624","95GG390015"
"A105096","Police Service of Northern Ireland",3,2,1,2014-08-26,"TUE","19:05",334055,374109,"Belfast City",2,30,NA,NA,NA,NA,NA,NA,NA,NA,NA,NA,"URBAN","2014",-5.92658567104339,54.5974329269958,"A","YORK STREET","A0002","95GG390015"
"A105304","Police Service of Northern Ireland",3,1,1,2014-09-09,"TUE","08:20",333844,373943,"Belfast City",13,30,NA,NA,NA,NA,NA,NA,NA,NA,NA,NA,"URBAN","2014",-5.92992362524526,54.5959985683555,"A","DONEGALL PLACE","A0006","95GG390015"
"A105350","Police Service of Northern Ireland",3,2,1,2014-09-10,"WED","22:25",333536,373910,"Belfast City",13,30,NA,NA,NA,NA,NA,NA,NA,NA,NA,NA,"URBAN","2014",-5.93470053703546,54.5957837008143,"A","HIGH STREET","A0501","95GG390012"
"A105393","Police Service of Northern Ireland",3,2,3,2014-09-13,"SAT","14:00",333592,374603,"Belfast City",2,30,NA,NA,NA,NA,NA,NA,NA,NA,NA,NA,"URBAN","2014",-5.93351956044305,54.6019901585661,"U","UPPER ARTHUR STREET","U0624","95GG400007"
"A105566","Police Service of Northern Ireland",3,2,1,2014-09-26,"FRI","15:27",334360,374356,"Belfast City",13,30,NA,NA,NA,NA,NA,NA,NA,NA,NA,NA,"URBAN","2014",-5.92175702944393,54.5995693878884,"U","BERRY STREET","U0621","95GG200003"
"A105931","Police Service of Northern Ireland",3,2,2,2014-10-16,"THU","16:01",333930,374462,"Belfast City",13,30,NA,NA,NA,NA,NA,NA,NA,NA,NA,NA,"URBAN","2014",-5.92835737279222,54.6006349938251,"U","LOWER GARFIELD STREET","U0620","95GG200003"
"A106092","Police Service of Northern Ireland",3,1,1,2014-10-26,"SUN","15:45",333793,374781,"Belfast City",13,30,NA,NA,NA,NA,NA,NA,NA,NA,NA,NA,"URBAN","2014",-5.9303304023526,54.603534983846,"U","DONEGALL STREET","U0620","95GG350004"
"A106190","Police Service of Northern Ireland",3,2,1,2014-11-02,"SUN","02:43",333806,374762,"Belfast City",13,30,NA,NA,NA,NA,NA,NA,NA,NA,NA,NA,"URBAN","2014",-5.93013803343666,54.603360977708,"A","YORK STREET","A0002","95GG200003"
"A106306","Police Service of Northern Ireland",3,1,1,2014-11-07,"FRI","18:35",334071,373965,"Belfast City",13,30,NA,NA,NA,NA,NA,NA,NA,NA,NA,NA,"URBAN","2014",-5.92640400950144,54.5961359675546,"U","LOMOND STREET","U0826","95GG390015"
"A106324","Police Service of Northern Ireland",3,2,1,2014-11-08,"SAT","22:39",334200,375484,"Belfast City",13,30,NA,NA,NA,NA,NA,NA,NA,NA,NA,NA,"URBAN","2014",-5.92371541436035,54.6097381327884,"A","YORK STREET","A0002","95GG200003"
"A106340","Police Service of Northern Ireland",3,1,1,2014-11-10,"MON","13:00",333675,374633,"Belfast City",13,30,NA,NA,NA,NA,NA,NA,NA,NA,NA,NA,"URBAN","2014",-5.93222247531508,54.6022375494726,"A","MAY STREET","A0020","95GG350004"
"A106366","Police Service of Northern Ireland",3,2,1,2014-11-11,"TUE","18:00",334240,373982,"Belfast City",13,30,NA,NA,NA,NA,NA,NA,NA,NA,NA,NA,"URBAN","2014",-5.92378338132486,54.5962437698874,"A","MAY STREET","A0020","95GG390011"
"A106433","Police Service of Northern Ireland",3,3,3,2014-11-14,"FRI","11:56",334355,373997,"Belfast City",13,30,NA,NA,NA,NA,NA,NA,NA,NA,NA,NA,"URBAN","2014",-5.92199853701212,54.5963479032983,"A","MAY STREET","A0020","95GG390013"
"A106468","Police Service of Northern Ireland",3,3,5,2014-11-15,"SAT","21:20",334182,374480,"Belfast City",13,30,NA,NA,NA,NA,NA,NA,NA,NA,NA,NA,"URBAN","2014",-5.92445261818419,54.6007298044859,"U","NORTH STREET","U0620","95GG200003"
"A106503","Police Service of Northern Ireland",3,2,1,2014-11-17,"MON","23:34",333992,375105,"Belfast City",2,30,NA,NA,NA,NA,NA,NA,NA,NA,NA,NA,"URBAN","2014",-5.92710530342755,54.6063909253521,"A","YORK STREET","A0002","95GG200003"
"A106601","Police Service of Northern Ireland",3,2,1,2014-11-24,"MON","12:00",333995,373960,"Belfast City",2,30,NA,NA,NA,NA,NA,NA,NA,NA,NA,NA,"URBAN","2014",-5.9275813064407,54.5961112143632,"B","NORTH STREET","B0010","95GG390015"
"A106605","Police Service of Northern Ireland",3,1,1,2014-11-24,"MON","16:25",333628,374264,"Belfast City",2,30,NA,NA,NA,NA,NA,NA,NA,NA,NA,NA,"URBAN","2014",-5.93311712677286,54.5989373611956,"U","ROSEMARY STREET","U0620","95GG210002"
"A106645","Police Service of Northern Ireland",3,1,1,2014-11-26,"WED","12:25",333926,374570,"Belfast City",13,30,NA,NA,NA,NA,NA,NA,NA,NA,NA,NA,"URBAN","2014",-5.92836997426838,54.6016055931723,"A","DONEGALL STREET","A0006","95GG200003"
"A106683","Police Service of Northern Ireland",3,1,1,2014-11-28,"FRI","00:35",333746,374075,"Belfast City",13,30,NA,NA,NA,NA,NA,NA,NA,NA,NA,NA,"URBAN","2014",-5.93137868165361,54.597209479977,"U","DONEGALL STREET","U0620","95GG390015"
"A106769","Police Service of Northern Ireland",3,1,1,2014-12-02,"TUE","12:36",333735,374066,"Belfast City",13,30,NA,NA,NA,NA,NA,NA,NA,NA,NA,NA,"URBAN","2014",-5.93155285192464,54.5971315924669,"A","DONEGALL SQUARE SOUTH","A0020","95GG390015"
"A106787","Police Service of Northern Ireland",3,2,1,2014-12-02,"TUE","21:30",333619,374097,"Belfast City",2,30,NA,NA,NA,NA,NA,NA,NA,NA,NA,NA,"URBAN","2014",-5.93333224784921,54.5974405362665,"U","ROSEMARY STREET","U0620","95GG390015"
"A107012","Police Service of Northern Ireland",3,2,1,2014-12-13,"SAT","20:29",333754,373936,"Belfast City",13,30,NA,NA,NA,NA,NA,NA,NA,NA,NA,NA,"URBAN","2014",-5.93131827757752,54.5959595275213,"A","DONEGALL SQUARE EAST","A0001","95GG390015"
"A107095","Police Service of Northern Ireland",3,2,1,2014-12-18,"THU","09:45",333535,374064,"Belfast City",13,30,NA,NA,NA,NA,NA,NA,NA,NA,NA,NA,"URBAN","2014",-5.93464599818499,54.5971664640404,"U","UPPER ARTHUR STREET","U0624","95GG390015"
"A107096","Police Service of Northern Ireland",3,1,1,2014-12-18,"THU","11:54",333586,374510,"Belfast City",13,30,NA,NA,NA,NA,NA,NA,NA,NA,NA,NA,"URBAN","2014",-5.93365464040177,54.6011568583995,"U","FOUNTAIN STREET","U0624","95GG400007"
"A107120","Police Service of Northern Ireland",3,1,1,2014-12-19,"FRI","11:05",333822,374125,"Belfast City",13,30,NA,NA,NA,NA,NA,NA,NA,NA,NA,NA,"URBAN","2014",-5.93018085478556,54.5976382457163,"A","DONEGALL SQUARE EAST","A0001","95GG390015"
"A107178","Police Service of Northern Ireland",3,2,3,2014-12-22,"MON","02:15",333488,374707,"Belfast City",13,30,NA,NA,NA,NA,NA,NA,NA,NA,NA,NA,"URBAN","2014",-5.93508044272173,54.6029512487147,"A","MAY STREET","A0020","95GG350004"
"A107195","Police Service of Northern Ireland",3,1,1,2014-12-22,"MON","16:42",333898,374920,"Belfast City",13,30,NA,NA,NA,NA,NA,NA,NA,NA,NA,NA,"URBAN","2014",-5.92864334545723,54.6047550339307,"A","CHICHESTER STREET","A0020","95GG200003"
"A107371","Police Service of Northern Ireland",3,2,3,2015-01-04,"SUN","14:07",333615,374658,"Belfast City",13,30,NA,NA,NA,NA,NA,NA,NA,NA,NA,NA,"URBAN","2015",-5.93313888738526,54.6024778327216,"U","MARQUIS STREET","U0621","95GG350004"
"A107413","Police Service of Northern Ireland",3,2,1,2015-01-07,"WED","07:30",333640,374998,"Belfast City",13,30,NA,NA,NA,NA,NA,NA,NA,NA,NA,NA,"URBAN","2015",-5.93259757003454,54.6055234920581,"U","DONEGALL STREET","U0620","95GG350005"
"A107452","Police Service of Northern Ireland",3,2,1,2015-01-09,"FRI","19:30",333466,374524,"Belfast City",13,30,NA,NA,NA,NA,NA,NA,NA,NA,NA,NA,"URBAN","2015",-5.93550380476967,54.6013142146062,"U","TALBOT STREET","U0620","95GG400007"
"A107521","Police Service of Northern Ireland",3,2,2,2015-01-14,"WED","16:34",334205,375489,"Belfast City",13,30,NA,NA,NA,NA,NA,NA,NA,NA,NA,NA,"URBAN","2015",-5.92363579907837,54.6097816918437,"A","YORK STREET","A0002","95GG200003"
"A107530","Police Service of Northern Ireland",3,2,1,2015-01-14,"WED","20:05",333543,373914,"Belfast City",13,30,NA,NA,NA,NA,NA,NA,NA,NA,NA,NA,"URBAN","2015",-5.93459049407357,54.5958177623899,"A","HIGH STREET","A0501","95GG390015"
"A107535","Police Service of Northern Ireland",3,1,2,2015-01-15,"THU","11:18",334158,374476,"Belfast City",13,30,NA,NA,NA,NA,NA,NA,NA,NA,NA,NA,"URBAN","2015",-5.92482554429029,54.6007002610063,"U","NORTH STREET","U0620","95GG200003"
"A107743","Police Service of Northern Ireland",3,1,1,2015-01-28,"WED","12:31",333806,374312,"Belfast City",13,30,NA,NA,NA,NA,NA,NA,NA,NA,NA,NA,"URBAN","2015",-5.93034305383615,54.5993212215896,"U","ROSEMARY STREET","U0620","95GG210002"
"A107825","Police Service of Northern Ireland",3,2,3,2015-02-01,"SUN","16:00",333961,374356,"Belfast City",13,30,NA,NA,NA,NA,NA,NA,NA,NA,NA,NA,"URBAN","2015",-5.92792638285292,54.5996751999291,"A","HIGH STREET","A0501","95GG210002"
"A107902","Police Service of Northern Ireland",3,1,1,2015-02-05,"THU","18:15",333736,374067,"Belfast City",2,30,NA,NA,NA,NA,NA,NA,NA,NA,NA,NA,"URBAN","2015",-5.93153693551917,54.5971403053874,"A","DONEGALL SQUARE SOUTH","A0020","95GG390015"
"A107913","Police Service of Northern Ireland",3,2,1,2015-02-06,"FRI","11:13",333911,374965,"Belfast City",13,30,NA,NA,NA,NA,NA,NA,NA,NA,NA,NA,"URBAN","2015",-5.92842179052963,54.6051555672574,"A","YORK STREET","A0002","95GG350003"
"A108007","Police Service of Northern Ireland",3,2,1,2015-02-11,"WED","15:30",334084,374435,"Belfast City",13,30,NA,NA,NA,NA,NA,NA,NA,NA,NA,NA,"URBAN","2015",-5.92598848356502,54.6003518145748,"A","HOWARD STREET","A0001","95GG200003"
"A108033","Police Service of Northern Ireland",3,1,2,2015-02-12,"THU","14:15",333652,374394,"Belfast City",13,30,NA,NA,NA,NA,NA,NA,NA,NA,NA,NA,"URBAN","2015",-5.93268688888598,54.6000980642457,"U","BERRY STREET","U0621","95GG210002"
"A108106","Police Service of Northern Ireland",3,1,1,2015-02-17,"TUE","17:20",333794,374351,"Belfast City",13,30,NA,NA,NA,NA,NA,NA,NA,NA,NA,NA,"URBAN","2015",-5.93051083276205,54.5996745076873,"U","SEYMOUR LANE","U0624","95GG210002"
"A108149","Police Service of Northern Ireland",3,2,1,2015-02-20,"FRI","14:05",334236,373976,"Belfast City",13,30,NA,NA,NA,NA,NA,NA,NA,NA,NA,NA,"URBAN","2015",-5.92384796584675,54.5961909678977,"A","MAY STREET","A0020","95GG390011"
"A108168","Police Service of Northern Ireland",3,2,3,2015-02-21,"SAT","12:36",333621,374656,"Belfast City",13,30,NA,NA,NA,NA,NA,NA,NA,NA,NA,NA,"URBAN","2015",-5.93304701818491,54.6024582933303,"A","MAY STREET","A0020","95GG350004"
"A108240","Police Service of Northern Ireland",3,2,1,2015-02-24,"TUE","18:30",334043,375185,"Belfast City",13,30,NA,NA,NA,NA,NA,NA,NA,NA,NA,NA,"URBAN","2015",-5.92628008311949,54.6070955879948,"A","CHICHESTER STREET","A0020","95GG200003"
"A108295","Police Service of Northern Ireland",3,2,2,2015-02-28,"SAT","00:25",333949,374468,"Belfast City",13,30,NA,NA,NA,NA,NA,NA,NA,NA,NA,NA,"URBAN","2015",-5.92806084974897,54.6006838266159,"A","YORK STREET","A0002","95GG200003"
"A108298","Police Service of Northern Ireland",3,2,1,2015-02-28,"SAT","05:24",333991,375109,"Belfast City",13,30,NA,NA,NA,NA,NA,NA,NA,NA,NA,NA,"URBAN","2015",-5.92711894256241,54.6064270991193,"A","CHICHESTER STREET","A0020","95GG350003"
"A108419","Police Service of Northern Ireland",3,2,2,2015-03-05,"THU","21:30",333802,374761,"Belfast City",13,30,NA,NA,NA,NA,NA,NA,NA,NA,NA,NA,"URBAN","2015",-5.93020034311052,54.6033530585746,"A","ROYAL AVENUE","A0006","95GG200003"
"A108460","Police Service of Northern Ireland",3,2,1,2015-03-09,"MON","09:10",333539,374058,"Belfast City",13,30,NA,NA,NA,NA,NA,NA,NA,NA,NA,NA,"URBAN","2015",-5.93458688081839,54.5971115446925,"U","UPPER ARTHUR STREET","U0624","95GG390015"
"A108517","Police Service of Northern Ireland",3,1,1,2015-03-12,"THU","15:00",333515,374694,"Belfast City",13,30,NA,NA,NA,NA,NA,NA,NA,NA,NA,NA,"URBAN","2015",-5.93466884150671,54.6028274184367,"A","MAY STREET","A0020","95GG400007"
"A108554","Police Service of Northern Ireland",3,2,1,2015-03-14,"SAT","21:45",334046,375188,"Belfast City",13,40,NA,NA,NA,NA,NA,NA,NA,NA,NA,NA,"URBAN","2015",-5.92623231872729,54.6071217244985,"A","CHICHESTER STREET","A0020","95GG200003"
"A108699","Police Service of Northern Ireland",3,1,1,2015-03-23,"MON","20:25",333612,374660,"Belfast City",13,30,NA,NA,NA,NA,NA,NA,NA,NA,NA,NA,"URBAN","2015",-5.93318436704647,54.6024965796422,"U","MARQUIS STREET","U0621","95GG350004"
"A108740","Police Service of Northern Ireland",3,2,3,2015-03-26,"THU","10:30",333839,373942,"Belfast City",2,30,NA,NA,NA,NA,NA,NA,NA,NA,NA,NA,"URBAN","2015",-5.93000138438961,54.59599091375,"U","DUNBAR STREET","U0620","95GG390015"
"A108795","Police Service of Northern Ireland",3,1,1,2015-03-29,"SUN","15:33",333622,374065,"Belfast City",13,30,NA,NA,NA,NA,NA,NA,NA,NA,NA,NA,"URBAN","2015",-5.9333004195317,54.5971524716601,"U","WINETAVERN STREET","U0621","95GG390015"
"A108865","Police Service of Northern Ireland",3,1,1,2015-04-02,"THU","14:40",333740,374039,"Belfast City",13,30,NA,NA,NA,NA,NA,NA,NA,NA,NA,NA,"URBAN","2015",-5.93148783801145,54.5968878850712,"U","DONEGALL STREET","U0620","95GG390015"
"A108886","Police Service of Northern Ireland",3,1,2,2015-04-04,"SAT","11:47",333631,374283,"Belfast City",13,30,NA,NA,NA,NA,NA,NA,NA,NA,NA,NA,"URBAN","2015",-5.93306209732866,54.5991071366352,"U","ROSEMARY STREET","U0620","95GG210002"
"A108933","Police Service of Northern Ireland",3,1,1,2015-04-07,"TUE","10:15",333746,374680,"Belfast City",13,30,NA,NA,NA,NA,NA,NA,NA,NA,NA,NA,"URBAN","2015",-5.93110319065813,54.6026407123548,"U","SKIPPER STREET","U0620","95GG200003"
"A109045","Police Service of Northern Ireland",3,1,1,2015-04-14,"TUE","21:40",333531,374297,"Belfast City",2,30,NA,NA,NA,NA,NA,NA,NA,NA,NA,NA,"URBAN","2015",-5.93460192648905,54.5992592226126,"U","CURTIS STREET","U0620","95GG210002"
"A109144","Police Service of Northern Ireland",3,2,1,2015-04-20,"MON","22:04",333996,375108,"Belfast City",13,30,NA,NA,NA,NA,NA,NA,NA,NA,NA,NA,"URBAN","2015",-5.9270420757577,54.606416797263,"A","CHICHESTER STREET","A0020","95GG200003"
"A109276","Police Service of Northern Ireland",3,1,1,2015-04-28,"TUE","10:19",333817,374146,"Belfast City",2,30,NA,NA,NA,NA,NA,NA,NA,NA,NA,NA,"URBAN","2015",-5.93024859519868,54.5978280902822,"A","DONEGALL SQUARE EAST","A0001","95GG390015"
"A109392","Police Service of Northern Ireland",3,2,2,2015-05-04,"MON","22:31",333636,374995,"Belfast City",13,30,NA,NA,NA,NA,NA,NA,NA,NA,NA,NA,"URBAN","2015",-5.93266079285493,54.6054976171989,"U","DONEGALL STREET","U0620","95GG350005"
"A109421","Police Service of Northern Ireland",3,2,1,2015-05-06,"WED","19:59",333758,373934,"Belfast City",13,30,NA,NA,NA,NA,NA,NA,NA,NA,NA,NA,"URBAN","2015",-5.93125734529562,54.5959405155899,"A","DONEGALL SQUARE EAST","A0001","95GG390015"
"A109430","Police Service of Northern Ireland",3,1,1,2015-05-07,"THU","13:55",333819,374303,"Belfast City",13,30,NA,NA,NA,NA,NA,NA,NA,NA,NA,NA,"URBAN","2015",-5.93014614842586,54.5992369879141,"U","CASTLE LANE","U0624","95GG210002"
"A109463","Police Service of Northern Ireland",3,1,2,2015-05-09,"SAT","11:30",333834,374086,"Belfast City",13,30,NA,NA,NA,NA,NA,NA,NA,NA,NA,NA,"URBAN","2015",-5.93001308665113,54.5972849591464,"A","DONEGALL SQUARE SOUTH","A0020","95GG390015"
"A109751","Police Service of Northern Ireland",3,1,1,2015-05-29,"FRI","02:36",333547,374056,"Belfast City",13,30,NA,NA,NA,NA,NA,NA,NA,NA,NA,NA,"URBAN","2015",-5.93446410056718,54.5970914785744,"U","UPPER ARTHUR STREET","U0624","95GG390015"
"A109846","Police Service of Northern Ireland",3,1,1,2015-06-04,"THU","10:45",333974,374209,"Belfast City",2,30,NA,NA,NA,NA,NA,NA,NA,NA,NA,NA,"URBAN","2015",-5.92779242353801,54.598352105264,"U","ANN STREET","U0624","95GG390015"
"A109897","Police Service of Northern Ireland",3,1,1,2015-06-06,"SAT","22:20",333995,373968,"Belfast City",13,30,NA,NA,NA,NA,NA,NA,NA,NA,NA,NA,"URBAN","2015",-5.92757765764987,54.596183032191,"U","WELLINGTON STREET","U0624","95GG390015"
"A109980","Police Service of Northern Ireland",3,2,1,2015-06-11,"THU","17:00",334069,373975,"Belfast City",2,30,NA,NA,NA,NA,NA,NA,NA,NA,NA,NA,"URBAN","2015",-5.92643036745157,54.5962262697343,"A","MAY STREET","A0020","95GG390015"
"A110190","Police Service of Northern Ireland",2,1,1,2015-06-23,"TUE","12:56",334201,375756,"Belfast City",13,30,12,7,1,1,2,1,1,1,1,1,"URBAN","2015",-5.923575585834,54.6121796614629,"A","YORK STREET","A0002","95GG200003"
"A110193","Police Service of Northern Ireland",3,2,1,2015-06-23,"TUE","14:35",333823,374104,"Belfast City",2,30,NA,NA,NA,NA,NA,NA,NA,NA,NA,NA,"URBAN","2015",-5.93017496004948,54.5974494591477,"A","DONEGALL SQUARE EAST","A0001","95GG390015"
"A110290","Police Service of Northern Ireland",3,2,1,2015-06-29,"MON","14:37",333900,374941,"Belfast City",2,30,NA,NA,NA,NA,NA,NA,NA,NA,NA,NA,"URBAN","2015",-5.9286028410143,54.6049430261263,"A","YORK STREET","A0002","95GG200003"
"A110401","Police Service of Northern Ireland",3,2,1,2015-07-06,"MON","17:15",333600,374065,"Belfast City",2,30,NA,NA,NA,NA,NA,NA,NA,NA,NA,NA,"URBAN","2015",-5.93364056567445,54.5971582814879,"U","UPPER ARTHUR STREET","U0624","95GG390015"
"A110418","Police Service of Northern Ireland",3,2,1,2015-07-07,"TUE","16:51",333748,374849,"Belfast City",13,30,NA,NA,NA,NA,NA,NA,NA,NA,NA,NA,"URBAN","2015",-5.93099529126724,54.6041573366387,"U","DONEGALL STREET","U0620","95GG350004"
"A110438","Police Service of Northern Ireland",3,2,1,2015-07-08,"WED","16:19",334020,374105,"Belfast City",2,30,NA,NA,NA,NA,NA,NA,NA,NA,NA,NA,"URBAN","2015",-5.92712863899469,54.5974062906048,"A","YORK STREET","A0002","95GG390015"
"A110478","Police Service of Northern Ireland",3,1,1,2015-07-11,"SAT","21:45",333528,374402,"Belfast City",13,30,NA,NA,NA,NA,NA,NA,NA,NA,NA,NA,"URBAN","2015",-5.93460057848446,54.6002026270591,"U","GLOUCESTER STREET","U0624","95GG210002"
"A110523","Police Service of Northern Ireland",3,1,1,2015-07-16,"THU","13:55",333625,374041,"Belfast City",13,30,NA,NA,NA,NA,NA,NA,NA,NA,NA,NA,"URBAN","2015",-5.93326495272695,54.596936225113,"U","WINETAVERN STREET","U0621","95GG390015"
"A110563","Police Service of Northern Ireland",3,2,2,2015-07-19,"SUN","00:39",333637,374991,"Belfast City",13,30,NA,NA,NA,NA,NA,NA,NA,NA,NA,NA,"URBAN","2015",-5.93264714907833,54.6054614440114,"U","DONEGALL STREET","U0620","95GG350005"
"A110585","Police Service of Northern Ireland",3,1,1,2015-07-21,"TUE","10:55",333750,373949,"Belfast City",13,30,NA,NA,NA,NA,NA,NA,NA,NA,NA,NA,"URBAN","2015",-5.93137420203841,54.5960772891744,"A","DONEGALL PLACE","A0006","95GG390015"
"A110652","Police Service of Northern Ireland",3,2,3,2015-07-26,"SUN","01:15",333880,374636,"Belfast City",13,30,NA,NA,NA,NA,NA,NA,NA,NA,NA,NA,"URBAN","2015",-5.92905117712034,54.6022102666011,"A","DONEGALL STREET","A0006","95GG200003"
"A110769","Police Service of Northern Ireland",3,1,1,2015-08-02,"SUN","02:48",334209,374126,"Belfast City",2,30,NA,NA,NA,NA,NA,NA,NA,NA,NA,NA,"URBAN","2015",-5.92419687849421,54.5975447117745,"A","YORK STREET","A0002","95GG390015"
"A110797","Police Service of Northern Ireland",3,1,1,2015-08-03,"MON","17:25",333523,374298,"Belfast City",13,30,NA,NA,NA,NA,NA,NA,NA,NA,NA,NA,"URBAN","2015",-5.93472516788847,54.5992703113768,"U","MONTGOMERY STREET","U0624","95GG210002"
"A111038","Police Service of Northern Ireland",3,1,1,2015-08-18,"TUE","17:30",333645,374362,"Belfast City",13,30,NA,NA,NA,NA,NA,NA,NA,NA,NA,NA,"URBAN","2015",-5.93280968541046,54.5998126414693,"U","COLLEGE STREET","U0624","95GG210002"
"A111224","Police Service of Northern Ireland",3,2,1,2015-08-30,"SUN","23:07",333992,375114,"Belfast City",13,30,NA,NA,NA,NA,NA,NA,NA,NA,NA,NA,"URBAN","2015",-5.92710119603652,54.606471720246,"A","CHICHESTER STREET","A0020","95GG350003"
"A111236","Police Service of Northern Ireland",3,2,2,2015-08-31,"MON","16:20",333537,373912,"Belfast City",13,30,NA,NA,NA,NA,NA,NA,NA,NA,NA,NA,"URBAN","2015",-5.93468416729457,54.5958013914303,"A","HIGH STREET","A0501","95GG390015"
"A111410","Police Service of Northern Ireland",3,1,1,2015-09-11,"FRI","18:49",333526,374311,"Belfast City",13,30,NA,NA,NA,NA,NA,NA,NA,NA,NA,NA,"URBAN","2015",-5.93467287219608,54.59938622401,"U","MONTGOMERY STREET","U0624","95GG210002"
"A111431","Police Service of Northern Ireland",3,2,1,2015-09-12,"SAT","22:05",333994,375113,"Belfast City",13,30,NA,NA,NA,NA,NA,NA,NA,NA,NA,NA,"URBAN","2015",-5.92707072310894,54.6064622131784,"A","CHICHESTER STREET","A0020","95GG200003"
"A111449","Police Service of Northern Ireland",2,2,3,2015-09-14,"MON","15:30",333904,374943,"Belfast City",2,30,8,3,1,11,1,1,1,2,1,1,"URBAN","2015",-5.92854007257862,54.6049599216322,"A","YORK STREET","A0002","95GG200003"
"A111546","Police Service of Northern Ireland",3,2,2,2015-09-20,"SUN","02:44",333998,375115,"Belfast City",13,30,NA,NA,NA,NA,NA,NA,NA,NA,NA,NA,"URBAN","2015",-5.92700795170461,54.60647910786,"A","CHICHESTER STREET","A0020","95GG200003"
"A111622","Police Service of Northern Ireland",3,2,1,2015-09-23,"WED","13:50",333998,375111,"Belfast City",2,30,NA,NA,NA,NA,NA,NA,NA,NA,NA,NA,"URBAN","2015",-5.92700977729681,54.6064431990206,"A","CHICHESTER STREET","A0020","95GG200003"
"A111907","Police Service of Northern Ireland",3,2,1,2015-10-09,"FRI","19:11",333705,374622,"Belfast City",13,30,NA,NA,NA,NA,NA,NA,NA,NA,NA,NA,"URBAN","2015",-5.9317635904636,54.6021308711423,"A","MAY STREET","A0020","95GG350004"
"A111942","Police Service of Northern Ireland",3,2,1,2015-10-12,"MON","08:55",333731,374612,"Belfast City",13,30,NA,NA,NA,NA,NA,NA,NA,NA,NA,NA,"URBAN","2015",-5.93136610473453,54.602034225818,"A","MAY STREET","A0020","95GG200003"
"A112227","Police Service of Northern Ireland",3,1,1,2015-10-28,"WED","14:36",333914,374094,"Belfast City",2,30,NA,NA,NA,NA,NA,NA,NA,NA,NA,NA,"URBAN","2015",-5.9287725443177,54.5973356086946,"A","DONEGALL SQUARE SOUTH","A0020","95GG390015"
"A112281","Police Service of Northern Ireland",3,1,1,2015-10-31,"SAT","17:00",334154,374327,"Belfast City",13,20,NA,NA,NA,NA,NA,NA,NA,NA,NA,NA,"URBAN","2015",-5.9249554496759,54.5993637178547,"U","COLLEGE COURT","U0624","95GG390015"
"A112355","Police Service of Northern Ireland",3,1,1,2015-11-04,"WED","15:24",333976,374105,"Belfast City",2,30,NA,NA,NA,NA,NA,NA,NA,NA,NA,NA,"URBAN","2015",-5.92780893298224,54.5974179440225,"A","WARING STREET","A0002","95GG390015"
"A112361","Police Service of Northern Ireland",3,1,1,2015-11-04,"WED","19:00",334398,374005,"Belfast City",2,30,NA,NA,NA,NA,NA,NA,NA,NA,NA,NA,"URBAN","2015",-5.92133006430727,54.5964083005557,"U","MONTGOMERY STREET","U0624","95GG390013"
"A112385","Police Service of Northern Ireland",3,1,1,2015-11-05,"THU","22:45",334128,374577,"Belfast City",13,30,NA,NA,NA,NA,NA,NA,NA,NA,NA,NA,"URBAN","2015",-5.92524329190616,54.6016149140714,"A","WARING STREET",NA,"95GG200003"
"A112414","Police Service of Northern Ireland",3,2,3,2015-11-07,"SAT","10:05",333993,375111,"Belfast City",13,30,NA,NA,NA,NA,NA,NA,NA,NA,NA,NA,"URBAN","2015",-5.92708710052311,54.6064445236874,"A","CHICHESTER STREET","A0020","95GG200003"
"A112423","Police Service of Northern Ireland",3,2,1,2015-11-07,"SAT","15:13",334214,374619,"Belfast City",13,30,NA,NA,NA,NA,NA,NA,NA,NA,NA,NA,"URBAN","2015",-5.92389429815287,54.6019691463873,"A","CHICHESTER STREET","A0020","95GG200003"
"A112469","Police Service of Northern Ireland",3,2,1,2015-11-10,"TUE","08:20",334225,374127,"Belfast City",2,30,NA,NA,NA,NA,NA,NA,NA,NA,NA,NA,"URBAN","2015",-5.92394904168214,54.5975494444285,"A","YORK STREET","A0002","95GG390015"
"A112655","Police Service of Northern Ireland",3,1,1,2015-11-18,"WED","20:45",334003,374670,"Belfast City",13,30,NA,NA,NA,NA,NA,NA,NA,NA,NA,NA,"URBAN","2015",-5.92713370842055,54.6024829233848,"U","HILL STREET","U0616","95GG200003"
"A112704","Police Service of Northern Ireland",3,3,1,2015-11-20,"FRI","18:59",334020,374107,"Belfast City",2,30,NA,NA,NA,NA,NA,NA,NA,NA,NA,NA,"URBAN","2015",-5.92712772655576,54.5974242450528,"A","YORK STREET","A0002","95GG390015"
"A112722","Police Service of Northern Ireland",3,2,7,2015-11-21,"SAT","18:24",333930,373953,"Belfast City",2,30,NA,NA,NA,NA,NA,NA,NA,NA,NA,NA,"URBAN","2015",-5.92858944589964,54.5960655836221,"B","NORTH STREET","B0010","95GG390015"
"A112726","Police Service of Northern Ireland",3,1,1,2015-11-21,"SAT","20:45",333797,374350,"Belfast City",13,30,NA,NA,NA,NA,NA,NA,NA,NA,NA,NA,"URBAN","2015",-5.93046490194524,54.5996647370311,"U","SEYMOUR LANE","U0624","95GG210002"
"A112797","Police Service of Northern Ireland",3,2,1,2015-11-25,"WED","11:50",333936,374451,"Belfast City",13,30,NA,NA,NA,NA,NA,NA,NA,NA,NA,NA,"URBAN","2015",-5.92826961430163,54.6005346558221,"U","BANK STREET","U0621","95GG210002"
"A112867","Police Service of Northern Ireland",3,2,1,2015-11-28,"SAT","20:00",334127,374575,"Belfast City",2,30,NA,NA,NA,NA,NA,NA,NA,NA,NA,NA,"URBAN","2015",-5.9252596681062,54.6015972248043,"A","WARING STREET",NA,"95GG200003"
"A112913","Police Service of Northern Ireland",3,1,1,2015-12-01,"TUE","13:30",333720,374169,"Belfast City",13,20,NA,NA,NA,NA,NA,NA,NA,NA,NA,NA,"URBAN","2015",-5.93173788340683,54.5980602139155,"U","EDWARD STREET","U0620","95GG210002"
"A112979","Police Service of Northern Ireland",3,3,3,2015-12-04,"FRI","17:42",333994,375114,"Belfast City",13,30,NA,NA,NA,NA,NA,NA,NA,NA,NA,NA,"URBAN","2015",-5.92707026672435,54.6064711903886,"A","CHICHESTER STREET","A0020","95GG350003"
"A113006","Police Service of Northern Ireland",3,1,1,2015-12-06,"SUN","01:58",333921,374062,"Belfast City",2,30,NA,NA,NA,NA,NA,NA,NA,NA,NA,NA,"URBAN","2015",-5.92867890388677,54.5970464844009,"U","SAMUEL STREET","U0621","95GG390015"
"A113009","Police Service of Northern Ireland",3,1,1,2015-12-06,"SUN","02:14",333518,374142,"Belfast City",13,30,NA,NA,NA,NA,NA,NA,NA,NA,NA,NA,"URBAN","2015",-5.93487338661691,54.597871177508,"U","CLARKES LANE","U0620","95GG390015"
"A113164","Police Service of Northern Ireland",3,2,3,2015-12-13,"SUN","00:38",334367,374364,"Belfast City",13,30,NA,NA,NA,NA,NA,NA,NA,NA,NA,NA,"URBAN","2015",-5.9216451358354,54.5996393462487,"U","BERRY STREET","U0621","95GG200003"
"A113219","Police Service of Northern Ireland",3,1,1,2015-12-16,"WED","14:50",333994,375116,"Belfast City",13,30,NA,NA,NA,NA,NA,NA,NA,NA,NA,NA,"URBAN","2015",-5.92706935395443,54.606489144809,"A","CHICHESTER STREET","A0020","95GG350003"
"A113390","Police Service of Northern Ireland",3,2,3,2015-12-24,"THU","23:51",333538,373911,"Belfast City",13,30,NA,NA,NA,NA,NA,NA,NA,NA,NA,NA,"URBAN","2015",-5.93466916114114,54.5957921502364,"A","HIGH STREET","A0501","95GG390015"
"A113403","Police Service of Northern Ireland",3,2,1,2015-12-26,"SAT","13:30",333546,374056,"Belfast City",13,30,NA,NA,NA,NA,NA,NA,NA,NA,NA,NA,"URBAN","2015",-5.93447956174109,54.5970917425294,"U","UPPER ARTHUR STREET","U0624","95GG390015"
"A113404","Police Service of Northern Ireland",3,1,1,2015-12-26,"SAT","15:10",333765,374715,"Belfast City",13,30,NA,NA,NA,NA,NA,NA,NA,NA,NA,NA,"URBAN","2015",-5.93079344650998,54.6029498916276,"U","SEYMOUR ROW","U0624","95GG200003"
"A113437","Police Service of Northern Ireland",3,2,3,2015-12-28,"MON","17:58",333801,374762,"Belfast City",13,30,NA,NA,NA,NA,NA,NA,NA,NA,NA,NA,"URBAN","2015",-5.93021535097501,54.6033623003271,"U","DONEGALL STREET","U0620","95GG200003"
"A95460","Police Service of Northern Ireland",3,2,1,2013-01-03,"THU","19:00",333615,374165,"Belfast City",2,30,NA,NA,NA,NA,NA,NA,NA,NA,NA,NA,"URBAN","2013",-5.93336316321691,54.5980520462661,"U","ROSEMARY STREET","U0620","95GG210002"
"A95695","Police Service of Northern Ireland",3,1,1,2013-01-18,"FRI","10:23",333575,374517,"Belfast City",13,30,NA,NA,NA,NA,NA,NA,NA,NA,NA,NA,"URBAN","2013",-5.93382154651256,54.6012226038718,"U","TALBOT STREET","U0620","95GG400007"
"A95826","Police Service of Northern Ireland",3,1,1,2013-01-27,"SUN","02:50",334145,374570,"Belfast City",13,30,NA,NA,NA,NA,NA,NA,NA,NA,NA,NA,"URBAN","2013",-5.92498362171622,54.6015475658264,"A","WARING STREET",NA,"95GG200003"
"A95857","Police Service of Northern Ireland",2,2,3,2013-01-29,"TUE","20:40",333903,374949,"Belfast City",13,30,6,3,1,11,4,1,1,1,1,1,"URBAN","2013",-5.92855280047677,54.6050140496942,"A","YORK STREET","A0002","95GG200003"
"A95898","Police Service of Northern Ireland",3,1,1,2013-01-31,"THU","20:10",333874,374316,"Belfast City",13,30,NA,NA,NA,NA,NA,NA,NA,NA,NA,NA,"URBAN","2013",-5.92928981678774,54.5993391406736,"U","CASTLE LANE","U0624","95GG210002"
"A96106","Police Service of Northern Ireland",3,1,1,2013-02-15,"FRI","14:00",333806,374293,"Belfast City",13,30,NA,NA,NA,NA,NA,NA,NA,NA,NA,NA,"URBAN","2013",-5.93035170913398,54.5991506540378,"A","DONEGALL SQUARE SOUTH","A0020","95GG210002"
"A96125","Police Service of Northern Ireland",3,1,2,2013-02-16,"SAT","19:10",334239,373989,"Belfast City",13,30,NA,NA,NA,NA,NA,NA,NA,NA,NA,NA,"URBAN","2013",-5.92379564354304,54.5963068756513,"A","MAY STREET","A0020","95GG390015"
"A96243","Police Service of Northern Ireland",3,2,1,2013-02-25,"MON","01:00",334051,375222,"Belfast City",11,30,NA,NA,NA,NA,NA,NA,NA,NA,NA,NA,"URBAN","2013",-5.92613946981461,54.6074256242023,"A","YORK STREET","A0002","95GG350001"
"A96248","Police Service of Northern Ireland",3,2,1,2013-02-25,"MON","08:50",334004,375104,"Belfast City",2,30,NA,NA,NA,NA,NA,NA,NA,NA,NA,NA,"URBAN","2013",-5.92692018435295,54.6063787688894,"A","CHICHESTER STREET","A0020","95GG200003"
"A96458","Police Service of Northern Ireland",3,2,1,2013-03-07,"THU","22:30",333995,375113,"Belfast City",13,30,NA,NA,NA,NA,NA,NA,NA,NA,NA,NA,"URBAN","2013",-5.92705525845663,54.6064619482469,"A","CHICHESTER STREET","A0020","95GG200003"
"A96610","Police Service of Northern Ireland",3,2,6,2013-03-17,"SUN","19:30",334206,375487,"Belfast City",13,30,NA,NA,NA,NA,NA,NA,NA,NA,NA,NA,"URBAN","2013",-5.92362124760015,54.6097634720913,"A","YORK STREET","A0002","95GG200003"
"A96706","Police Service of Northern Ireland",3,1,1,2013-03-26,"TUE","15:40",333544,374297,"Belfast City",13,30,NA,NA,NA,NA,NA,NA,NA,NA,NA,NA,"URBAN","2013",-5.93440092055758,54.5992557911559,"U","CURTIS STREET","U0620","95GG210002"
"A96746","Police Service of Northern Ireland",3,1,1,2013-03-29,"FRI","20:50",333823,374111,"Belfast City",2,30,NA,NA,NA,NA,NA,NA,NA,NA,NA,NA,"URBAN","2013",-5.93017177119414,54.5975122998361,"A","DONEGALL SQUARE EAST","A0001","95GG390015"
"A96764","Police Service of Northern Ireland",3,1,1,2013-03-31,"SUN","15:25",333822,374110,"Belfast City",2,30,NA,NA,NA,NA,NA,NA,NA,NA,NA,NA,"URBAN","2013",-5.93018768803373,54.5975035870994,"A","DONEGALL SQUARE EAST","A0001","95GG390015"
"A96949","Police Service of Northern Ireland",3,2,3,2013-04-13,"SAT","23:04",333982,374103,"Belfast City",13,30,NA,NA,NA,NA,NA,NA,NA,NA,NA,NA,"URBAN","2013",-5.92771707777144,54.5973984006903,"U","ANN STREET","U0624","95GG390015"
"A97125","Police Service of Northern Ireland",3,2,1,2013-04-25,"THU","17:00",334232,374052,"Belfast City",13,30,NA,NA,NA,NA,NA,NA,NA,NA,NA,NA,"URBAN","2013",-5.92387508312546,54.5968742968463,"U","EXCHANGE STREET","U0620","95GG390015"
"A97138","Police Service of Northern Ireland",3,1,1,2013-04-26,"FRI","13:30",333992,374377,"Belfast City",13,30,NA,NA,NA,NA,NA,NA,NA,NA,NA,NA,"URBAN","2013",-5.92743747823272,54.5998555118709,"A","HIGH STREET","A0501","95GG200003"
"A97147","Police Service of Northern Ireland",3,2,1,2013-04-26,"FRI","17:30",334036,374402,"Belfast City",13,30,NA,NA,NA,NA,NA,NA,NA,NA,NA,NA,"URBAN","2013",-5.92674573514409,54.6000682864705,"A","HIGH STREET","A0501","95GG200003"
"A97174","Police Service of Northern Ireland",3,2,1,2013-04-28,"SUN","19:30",333534,373976,"Belfast City",13,30,NA,NA,NA,NA,NA,NA,NA,NA,NA,NA,"URBAN","2013",-5.93470145955,54.5963767284079,"U","UPPER QUEEN STREET","U0624","95GG390012"
"A97324","Police Service of Northern Ireland",3,2,1,2013-05-09,"THU","11:15",334110,375242,"Belfast City",13,30,NA,NA,NA,NA,NA,NA,NA,NA,NA,NA,"URBAN","2013",-5.92521789857885,54.607589526623,"A","YORK STREET","A0002","95GG200003"
"A97340","Police Service of Northern Ireland",3,2,1,2013-05-09,"THU","21:41",334236,373982,"Belfast City",2,30,NA,NA,NA,NA,NA,NA,NA,NA,NA,NA,"URBAN","2013",-5.9238452243203,54.5962448311408,"A","MAY STREET","A0020","95GG390011"
"A97394","Police Service of Northern Ireland",3,2,1,2013-05-13,"MON","09:20",333727,374076,"Belfast City",2,30,NA,NA,NA,NA,NA,NA,NA,NA,NA,NA,"URBAN","2013",-5.93167198906194,54.5972234795285,"A","DONEGALL SQUARE EAST","A0001","95GG390015"
"A97445","Police Service of Northern Ireland",3,2,1,2013-05-16,"THU","18:10",333503,374223,"Belfast City",13,30,NA,NA,NA,NA,NA,NA,NA,NA,NA,NA,"URBAN","2013",-5.93506849564269,54.5986022945777,"U","MONTGOMERY STREET","U0624","95GG210002"
"A97479","Police Service of Northern Ireland",3,1,1,2013-05-18,"SAT","10:50",333820,374116,"Belfast City",2,30,NA,NA,NA,NA,NA,NA,NA,NA,NA,NA,"URBAN","2013",-5.9302158773589,54.5975579795506,"A","DONEGALL SQUARE EAST","A0001","95GG390015"
"A97488","Police Service of Northern Ireland",3,2,2,2013-05-18,"SAT","16:15",333615,373920,"Belfast City",2,30,NA,NA,NA,NA,NA,NA,NA,NA,NA,NA,"URBAN","2013",-5.93347459608186,54.5958526174765,"A","HIGH STREET","A0501","95GG390015"
"A97520","Police Service of Northern Ireland",3,1,1,2013-05-20,"MON","16:00",333884,374320,"Belfast City",13,30,NA,NA,NA,NA,NA,NA,NA,NA,NA,NA,"URBAN","2013",-5.92913337380873,54.5993724032642,"U","CASTLE LANE","U0624","95GG210002"
"A97844","Police Service of Northern Ireland",3,1,1,2013-06-10,"MON","14:50",333525,374396,"Belfast City",2,30,NA,NA,NA,NA,NA,NA,NA,NA,NA,NA,"URBAN","2013",-5.93464969321707,54.6001495553209,"U","GLOUCESTER STREET","U0624","95GG210002"
"A97867","Police Service of Northern Ireland",3,1,1,2013-06-11,"TUE","17:19",333821,374083,"Belfast City",2,30,NA,NA,NA,NA,NA,NA,NA,NA,NA,NA,"URBAN","2013",-5.93021544893467,54.5972614660801,"A","DONEGALL SQUARE WEST","A0001","95GG390015"
"A97889","Police Service of Northern Ireland",3,2,1,2013-06-13,"THU","08:59",334236,373973,"Belfast City",13,30,NA,NA,NA,NA,NA,NA,NA,NA,NA,NA,"URBAN","2013",-5.92384933660658,54.596164036276,"A","MAY STREET","A0020","95GG390011"
"A97893","Police Service of Northern Ireland",3,2,1,2013-06-13,"THU","16:27",333874,373947,"Belfast City",13,30,NA,NA,NA,NA,NA,NA,NA,NA,NA,NA,"URBAN","2013",-5.92945798116044,54.5960265404554,"A","DONEGALL PLACE","A0006","95GG390015"
"A97910","Police Service of Northern Ireland",3,2,1,2013-06-14,"FRI","15:24",334109,375241,"Belfast City",14,30,NA,NA,NA,NA,NA,NA,NA,NA,NA,NA,"URBAN","2013",-5.92523382044821,54.6075808145948,"A","YORK STREET","A0002","95GG200003"
"A98158","Police Service of Northern Ireland",3,1,1,2013-06-29,"SAT","11:20",333524,374299,"Belfast City",13,30,NA,NA,NA,NA,NA,NA,NA,NA,NA,NA,"URBAN","2013",-5.93470925130373,54.5992790247103,"U","MONTGOMERY STREET","U0624","95GG210002"
"A98165","Police Service of Northern Ireland",3,1,1,2013-06-29,"SAT","18:30",334007,374607,"Belfast City",2,30,NA,NA,NA,NA,NA,NA,NA,NA,NA,NA,"URBAN","2013",-5.92710060332519,54.6019162990816,"A","HIGH STREET","A0501","95GG200003"
"A98345","Police Service of Northern Ireland",3,2,2,2013-07-12,"FRI","20:40",334044,375205,"Belfast City",13,30,NA,NA,NA,NA,NA,NA,NA,NA,NA,NA,"URBAN","2013",-5.92625548673464,54.6072748670506,"A","CHICHESTER STREET","A0020","95GG350003"
"A98431","Police Service of Northern Ireland",3,2,3,2013-07-19,"FRI","17:25",334043,375204,"Belfast City",2,40,NA,NA,NA,NA,NA,NA,NA,NA,NA,NA,"URBAN","2013",-5.92627140826126,54.6072661548825,"A","CHICHESTER STREET","A0020","95GG350003"
"A98519","Police Service of Northern Ireland",3,2,1,2013-07-25,"THU","17:40",333502,374711,"Belfast City",13,30,NA,NA,NA,NA,NA,NA,NA,NA,NA,NA,"URBAN","2013",-5.93486213670178,54.6029834630129,"A","MAY STREET","A0020","95GG350004"
"A98689","Police Service of Northern Ireland",3,1,1,2013-08-04,"SUN","13:00",334119,374398,"Belfast City",13,30,NA,NA,NA,NA,NA,NA,NA,NA,NA,NA,"URBAN","2013",-5.92546419775337,54.6000103798661,"U","COLLEGE COURT","U0624","95GG390015"
"A98719","Police Service of Northern Ireland",3,1,1,2013-08-06,"TUE","17:26",334189,375467,"Belfast City",2,30,NA,NA,NA,NA,NA,NA,NA,NA,NA,NA,"URBAN","2013",-5.92389331020497,54.6095884395513,"A","YORK STREET","A0002","95GG350001"
"A98768","Police Service of Northern Ireland",3,1,1,2013-08-10,"SAT","05:50",333981,374104,"Belfast City",2,30,NA,NA,NA,NA,NA,NA,NA,NA,NA,NA,"URBAN","2013",-5.9277320829094,54.5974076427355,"U","ANN STREET","U0624","95GG390015"
"A98814","Police Service of Northern Ireland",3,2,1,2013-08-13,"TUE","10:22",334039,375197,"Belfast City",13,30,NA,NA,NA,NA,NA,NA,NA,NA,NA,NA,"URBAN","2013",-5.92633646397648,54.6072043745737,"A","CHICHESTER STREET","A0020","95GG350003"
"A99077","Police Service of Northern Ireland",3,2,1,2013-08-30,"FRI","17:10",333836,373941,"Belfast City",13,30,NA,NA,NA,NA,NA,NA,NA,NA,NA,NA,"URBAN","2013",-5.93004822208407,54.5959827300655,"U","DUNBAR STREET","U0620","95GG390015"
"A99310","Police Service of Northern Ireland",3,2,2,2013-09-13,"FRI","18:10",333901,374940,"Belfast City",2,30,NA,NA,NA,NA,NA,NA,NA,NA,NA,NA,"URBAN","2013",-5.92858783294787,54.6049337841742,"A","YORK STREET","A0002","95GG200003"
"A99382","Police Service of Northern Ireland",3,2,1,2013-09-18,"WED","07:20",333532,373972,"Belfast City",13,30,NA,NA,NA,NA,NA,NA,NA,NA,NA,NA,"URBAN","2013",-5.93473419947705,54.596341347176,"U","UPPER QUEEN STREET","U0624","95GG390012"
"A99409","Police Service of Northern Ireland",3,2,2,2013-09-19,"THU","15:35",333658,373927,"Belfast City",2,30,NA,NA,NA,NA,NA,NA,NA,NA,NA,NA,"URBAN","2013",-5.93280660182527,54.5959041010926,"A","HIGH STREET","A0501","95GG390015"
"A99423","Police Service of Northern Ireland",3,2,1,2013-09-20,"FRI","14:50",333983,374887,"Belfast City",13,30,NA,NA,NA,NA,NA,NA,NA,NA,NA,NA,"URBAN","2013",-5.92734396231521,54.6044362771647,"U","ACADEMY STREET","U0620","95GG200003"
"A99497","Police Service of Northern Ireland",3,1,1,2013-09-26,"THU","12:29",334000,374637,"Belfast City",2,30,NA,NA,NA,NA,NA,NA,NA,NA,NA,NA,"URBAN","2013",-5.92719515540135,54.6021874699431,"U","HILL STREET","U7102","95GG200003"
"A99569","Police Service of Northern Ireland",3,2,1,2013-09-30,"MON","11:54",333992,374706,"Belfast City",13,30,NA,NA,NA,NA,NA,NA,NA,NA,NA,NA,"URBAN","2013",-5.9272873772837,54.6028090170893,"U","SAMUEL STREET","U0621","95GG200003"
"A99645","Police Service of Northern Ireland",3,2,1,2013-10-04,"FRI","16:19",334238,373980,"Belfast City",13,30,NA,NA,NA,NA,NA,NA,NA,NA,NA,NA,"URBAN","2013",-5.92381521667882,54.5962263461041,"A","MAY STREET","A0020","95GG390011"
"A99793","Police Service of Northern Ireland",3,1,1,2013-10-14,"MON","15:35",333532,373911,"Belfast City",13,30,NA,NA,NA,NA,NA,NA,NA,NA,NA,NA,"URBAN","2013",-5.9347619252472,54.5957937337544,"A","HIGH STREET","A0501","95GG390012"
"A99819","Police Service of Northern Ireland",3,2,2,2013-10-16,"WED","14:20",333697,374926,"Belfast City",13,30,NA,NA,NA,NA,NA,NA,NA,NA,NA,NA,"URBAN","2013",-5.93174888674138,54.6048620670443,"U","DUNBAR STREET","U0620","95GG350004"
"A99929","Police Service of Northern Ireland",3,2,1,2013-10-21,"MON","12:34",333987,374889,"Belfast City",13,30,NA,NA,NA,NA,NA,NA,NA,NA,NA,NA,"URBAN","2013",-5.92728119416008,54.6044531720213,"U","ACADEMY STREET","U0620","95GG200003"
"B1117","Police Service of Northern Ireland",3,2,1,2018-03-12,"MON","64200",334099,375300,"Belfast City",13,30,NA,NA,NA,NA,NA,NA,NA,NA,NA,2,"URBAN","2018",-5.92536152097038,54.608113120896,"A","YORK STREET","A0002","95GG200003"
"B1160","Police Service of Northern Ireland",2,2,3,2018-03-14,"WED","78900",333709,374915,"Belfast City",13,30,12,7,1,1,4,5,2,1,1,1,"URBAN","2018",-5.93156832670364,54.604760145348,"U","DUNBAR STREET","U0620","95GG350004"
"B1190","Police Service of Northern Ireland",3,1,1,2018-03-17,"SAT","43200",333819,374139,"Belfast City",13,20,NA,NA,NA,NA,NA,NA,NA,NA,NA,NA,"URBAN","2018",-5.9302208611975,54.5977647205979,"A","DONEGALL SQUARE EAST","A0001","95GG390015"
"B1338","Police Service of Northern Ireland",3,2,2,2018-03-26,"MON","53580",334167,375934,"Belfast City",13,30,NA,NA,NA,NA,NA,NA,NA,NA,NA,NA,"RURAL","2018",-5.92402008277883,54.6137866224098,"A","YORK STREET","A0002","95GG200003"
"B1434","Police Service of Northern Ireland",3,2,1,2018-04-02,"MON","55800",333992,375106,"Belfast City",13,30,NA,NA,NA,NA,NA,NA,NA,NA,NA,NA,"URBAN","2018",-5.92710484705178,54.6063999025626,"A","YORK STREET","A0002","95GG200003"
"B1702","Police Service of Northern Ireland",3,2,1,2018-04-23,"MON","50520",333806,374759,"Belfast City",2,30,NA,NA,NA,NA,NA,NA,NA,NA,NA,NA,"RURAL","2018",-5.93013940040774,54.6033340460112,"U","DONEGALL STREET","U0620","95GG200003"
"B1794","Police Service of Northern Ireland",3,2,2,2018-04-29,"SUN","78600",334164,375949,"Belfast City",13,30,NA,NA,NA,NA,NA,NA,NA,NA,NA,2,"RURAL","2018",-5.92405962741384,54.6139220761642,"A","YORK STREET","A0002","95GG200003"
"B1818","Police Service of Northern Ireland",3,1,1,2018-05-01,"TUE","55020",333825,374084,"Belfast City",2,20,NA,NA,NA,NA,NA,NA,NA,NA,NA,2,"URBAN","2018",-5.93015314859816,54.5972693853092,"A","DONEGALL SQUARE WEST","A0001","95GG390015"
"B1864","Police Service of Northern Ireland",3,1,1,2018-05-04,"FRI","41400",333981,374386,"Belfast City",13,20,NA,NA,NA,NA,NA,NA,NA,NA,NA,1,"URBAN","2018",-5.92760345651743,54.5999392202443,"U","BANK STREET","U0621","95GG200003"
"B1918","Police Service of Northern Ireland",3,2,2,2018-05-07,"MON","75900",334046,375208,"Belfast City",13,30,NA,NA,NA,NA,NA,NA,NA,NA,NA,NA,"URBAN","2018",-5.92622318707605,54.6073012685844,"A","CHICHESTER STREET","A0020","95GG350003"
"B1984","Police Service of Northern Ireland",3,2,2,2018-05-11,"FRI","50400",333999,375101,"Belfast City",13,30,NA,NA,NA,NA,NA,NA,NA,NA,NA,1,"RURAL","2018",-5.92699887664918,54.6063531619826,"A","YORK STREET","A0002","95GG200003"
"B2016","Police Service of Northern Ireland",3,1,1,2018-05-13,"SUN","51000",333906,374322,"Belfast City",13,30,NA,NA,NA,NA,NA,NA,NA,NA,NA,1,"URBAN","2018",-5.92879229840714,54.5993845350761,"U","CASTLE LANE","U0624","95GG210002"
"B2048","Police Service of Northern Ireland",3,1,1,2018-05-14,"MON","83580",333803,374296,"Belfast City",13,30,NA,NA,NA,NA,NA,NA,NA,NA,NA,1,"URBAN","2018",-5.93039672828708,54.5991783792123,"U","CHURCH LANE","U0624","95GG210002"
"B2188","Police Service of Northern Ireland",3,2,3,2018-05-22,"TUE","39780",333991,375104,"Belfast City",13,30,6,3,1,1,1,1,1,1,1,1,"URBAN","2018",-5.92712122442555,54.6063822130665,"A","YORK STREET","A0002","95GG200003"
"B22","Police Service of Northern Ireland",3,2,1,2018-01-02,"TUE","67200",334251,373984,"Belfast City",13,20,NA,NA,NA,NA,NA,NA,NA,NA,NA,NA,"URBAN","2018",-5.92361239916213,54.5962588056895,"B","NORTH STREET","B0010","95GG390011"
"B2201","Police Service of Northern Ireland",3,1,1,2018-05-23,"WED","31200",333634,374287,"Belfast City",13,30,NA,NA,NA,NA,NA,NA,NA,NA,NA,2,"URBAN","2018",-5.93301389174514,54.599142253221,"U","ROSEMARY STREET","U0620","95GG210002"
"B2208","Police Service of Northern Ireland",3,1,1,2018-05-23,"WED","53700",333991,374020,"Belfast City",13,20,NA,NA,NA,NA,NA,NA,NA,NA,NA,2,"URBAN","2018",-5.92761578387556,54.5966509073793,"A","WELLINGTON PLACE","A0001","95GG390015"
"B2309","Police Service of Northern Ireland",3,1,1,2018-05-29,"TUE","42900",334167,375427,"Belfast City",13,30,NA,NA,NA,NA,NA,NA,NA,NA,NA,2,"URBAN","2018",-5.92425184026704,54.6092351891084,"A","YORK STREET","A0002","95GG350001"
"B2369","Police Service of Northern Ireland",3,1,1,2018-06-01,"FRI","42000",333636,373931,"Belfast City",13,30,NA,NA,NA,NA,NA,NA,NA,NA,NA,2,"URBAN","2018",-5.93314491797509,54.5959458212604,"A","YORK STREET","A0002","95GG390015"
"B2511","Police Service of Northern Ireland",3,2,1,2018-06-10,"SUN","39000",333989,374387,"Belfast City",13,30,NA,NA,NA,NA,NA,NA,NA,NA,NA,NA,"RURAL","2018",-5.92747930285513,54.5999460786722,"A","CASTLE STREET","A0501","95GG200003"
"B2752","Police Service of Northern Ireland",3,2,2,2018-06-24,"SUN","5400",333494,374704,"Belfast City",13,30,NA,NA,NA,NA,NA,NA,NA,NA,NA,1,"URBAN","2018",-5.93498902607601,54.6029227335211,"A","MAY STREET","A0020","95GG350004"
"B2765","Police Service of Northern Ireland",3,2,1,2018-06-25,"MON","39600",334215,374620,"Belfast City",2,30,NA,NA,NA,NA,NA,NA,NA,NA,NA,2,"RURAL","2018",-5.92387837822333,54.6019778582634,"A","CHICHESTER STREET","A0020","95GG200003"
"B2783","Police Service of Northern Ireland",3,2,4,2018-06-26,"TUE","69600",334047,375189,"Belfast City",13,30,NA,NA,NA,NA,NA,NA,NA,NA,NA,NA,"RURAL","2018",-5.92621639724963,54.6071304366621,"A","CHICHESTER STREET","A0020","95GG200003"
"B2833","Police Service of Northern Ireland",3,3,4,2018-06-29,"FRI","61200",333838,374088,"Belfast City",13,20,NA,NA,NA,NA,NA,NA,NA,NA,NA,2,"URBAN","2018",-5.92995033064533,54.5973018555109,"A","DONEGALL SQUARE SOUTH","A0020","95GG390015"
"B3065","Police Service of Northern Ireland",3,3,2,2018-07-17,"TUE","49920",333494,374716,"Belfast City",13,30,NA,NA,NA,NA,NA,NA,NA,NA,NA,NA,"URBAN","2018",-5.9349835710642,54.603030460644,"A","MAY STREET","A0020","95GG350004"
"B3220","Police Service of Northern Ireland",3,1,1,2018-07-28,"SAT","56700",333979,374384,"Belfast City",13,30,NA,NA,NA,NA,NA,NA,NA,NA,NA,1,"URBAN","2018",-5.92763529319008,54.5999217954768,"U","BANK STREET","U0621","95GG210002"
"B3295","Police Service of Northern Ireland",3,2,1,2018-08-02,"THU","60900",334054,375197,"Belfast City",13,30,NA,NA,NA,NA,NA,NA,NA,NA,NA,1,"RURAL","2018",-5.92610449010634,54.6072003989501,"A","CHICHESTER STREET","A0020","95GG200003"
"B3351","Police Service of Northern Ireland",3,2,1,2018-08-08,"WED","26400",333632,373978,"Belfast City",13,30,NA,NA,NA,NA,NA,NA,NA,NA,NA,1,"URBAN","2018",-5.93318538229143,54.5963688089613,"U","UPPER ARTHUR STREET","U0624","95GG390015"
"B3476","Police Service of Northern Ireland",2,2,1,2018-08-16,"THU","64500",333803,374767,"Belfast City",13,20,6,3,1,11,1,1,1,1,1,1,"URBAN","2018",-5.93018214571971,54.6034066574476,"U","DONEGALL STREET","U0620","95GG200003"
"B3490","Police Service of Northern Ireland",3,2,1,2018-08-17,"FRI","61200",333616,374066,"Belfast City",13,20,NA,NA,NA,NA,NA,NA,NA,NA,NA,NA,"URBAN","2018",-5.93339273181232,54.5971630335132,"U","UPPER ARTHUR STREET","U0624","95GG390015"
"B3532","Police Service of Northern Ireland",3,2,1,2018-08-20,"MON","61200",334039,375195,"Belfast City",13,30,NA,NA,NA,NA,NA,NA,NA,NA,NA,2,"URBAN","2018",-5.92633737709302,54.6071864201638,"A","CHICHESTER STREET","A0020","95GG350003"
"B364","Police Service of Northern Ireland",3,1,2,2018-01-22,"MON","44460",333535,373976,"Belfast City",13,20,NA,NA,NA,NA,NA,NA,NA,NA,NA,NA,"URBAN","2018",-5.93468599864479,54.5963764644836,"U","UPPER QUEEN STREET","U0624","95GG390012"
"B3658","Police Service of Northern Ireland",3,1,1,2018-08-30,"THU","42300",333566,374152,"Belfast City",13,30,NA,NA,NA,NA,NA,NA,NA,NA,NA,NA,"URBAN","2018",-5.93412668931699,54.597948280365,"U","CLARENCE PLACE MEWS","U0624","95GG210002"
"B3675","Police Service of Northern Ireland",3,2,1,2018-08-31,"FRI","40800",334082,374434,"Belfast City",13,20,NA,NA,NA,NA,NA,NA,NA,NA,NA,NA,"RURAL","2018",-5.9260198647307,54.6003433674555,"A","HOWARD STREET","A0001","95GG200003"
"B3728","Police Service of Northern Ireland",3,1,1,2018-09-03,"MON","48000",333708,374076,"Belfast City",13,20,NA,NA,NA,NA,NA,NA,NA,NA,NA,NA,"URBAN","2018",-5.93196575184206,54.5972285011191,"U","WILLIAM STREET SOUTH","U0624","95GG390015"
"B3769","Police Service of Northern Ireland",3,1,1,2018-09-06,"THU","36000",333665,373982,"Belfast City",13,30,NA,NA,NA,NA,NA,NA,NA,NA,NA,1,"URBAN","2018",-5.93267335320955,54.5963960010553,"A","WELLINGTON PLACE","A0001","95GG390015"
"B3853","Police Service of Northern Ireland",3,1,1,2018-09-11,"TUE","41100",333676,374072,"Belfast City",2,20,NA,NA,NA,NA,NA,NA,NA,NA,NA,2,"URBAN","2018",-5.93246233058569,54.5972010479061,"U","WILLIAM STREET SOUTH","U0624","95GG390015"
"B3855","Police Service of Northern Ireland",3,2,1,2018-09-11,"TUE","48600",333535,374067,"Belfast City",13,20,NA,NA,NA,NA,NA,NA,NA,NA,NA,2,"URBAN","2018",-5.93464463449875,54.5971933958413,"U","UPPER ARTHUR STREET","U0624","95GG390015"
"B3868","Police Service of Northern Ireland",3,2,1,2018-09-12,"WED","30900",333520,374151,"Belfast City",13,20,NA,NA,NA,NA,NA,NA,NA,NA,NA,2,"URBAN","2018",-5.93483837288826,54.5979514450944,"U","CLARKES LANE","U0620","95GG390015"
"B3957","Police Service of Northern Ireland",3,1,1,2018-09-17,"MON","25500",333939,373954,"Belfast City",13,30,NA,NA,NA,NA,NA,NA,NA,NA,NA,NA,"URBAN","2018",-5.92844984345302,54.5960721784494,"B","NORTH STREET","B0010","95GG390015"
"B4042","Police Service of Northern Ireland",3,2,1,2018-09-21,"FRI","71700",334206,375494,"Belfast City",13,30,NA,NA,NA,NA,NA,NA,NA,NA,NA,NA,"RURAL","2018",-5.92361804719996,54.6098263123907,"A","YORK STREET","A0002","95GG200003"
"B4171","Police Service of Northern Ireland",3,2,5,2018-10-01,"MON","66900",333622,374067,"Belfast City",2,30,NA,NA,NA,NA,NA,NA,NA,NA,NA,1,"URBAN","2018",-5.93329950981633,54.5971704261788,"U","UPPER ARTHUR STREET","U0624","95GG390015"
"B4203","Police Service of Northern Ireland",3,2,1,2018-10-04,"THU","45000",334214,374125,"Belfast City",2,20,NA,NA,NA,NA,NA,NA,NA,NA,NA,NA,"URBAN","2018",-5.92412002915454,54.5975344081996,"A","YORK STREET","A0002","95GG390015"
"B4231","Police Service of Northern Ireland",3,1,2,2018-10-05,"FRI","57000",333732,374077,"Belfast City",13,30,NA,NA,NA,NA,NA,NA,NA,NA,NA,2,"URBAN","2018",-5.93159422784831,54.5972311351885,"A","DONEGALL SQUARE EAST","A0001","95GG390015"
"B4232","Police Service of Northern Ireland",3,1,1,2018-10-05,"FRI","69000",334051,374532,"Belfast City",2,30,NA,NA,NA,NA,NA,NA,NA,NA,NA,NA,"RURAL","2018",-5.9264544677548,54.6012313499988,"U","HILL STREET","U0616","95GG200003"
"B4307","Police Service of Northern Ireland",3,1,1,2018-10-10,"WED","48600",333572,374680,"Belfast City",13,30,NA,NA,NA,NA,NA,NA,NA,NA,NA,2,"URBAN","2018",-5.933793798829,54.6026866886201,"U","MARQUIS STREET","U0621","95GG350004"
"B4382","Police Service of Northern Ireland",3,2,1,2018-10-14,"SUN","55500",333641,375001,"Belfast City",13,30,NA,NA,NA,NA,NA,NA,NA,NA,NA,1,"URBAN","2018",-5.93258074021487,54.605550159564,"U","DONEGALL STREET","U0620","95GG350005"
"B4444","Police Service of Northern Ireland",3,1,1,2018-10-18,"THU","48120",334001,374638,"Belfast City",2,20,NA,NA,NA,NA,NA,NA,NA,NA,NA,2,"RURAL","2018",-5.92717923607927,54.6021961822585,"U","GRESHAM STREET","U0621","95GG200003"
"B4467","Police Service of Northern Ireland",3,2,1,2018-10-20,"SAT","6600",333804,374745,"Belfast City",13,30,NA,NA,NA,NA,NA,NA,NA,NA,NA,NA,"RURAL","2018",-5.93017670647531,54.6032088938085,"U","DONEGALL STREET","U0620","95GG200003"
"B4472","Police Service of Northern Ireland",3,2,1,2018-10-20,"SAT","41400",333883,374634,"Belfast City",13,20,NA,NA,NA,NA,NA,NA,NA,NA,NA,NA,"RURAL","2018",-5.92900569971456,54.6021915181456,"A","DONEGALL STREET","A0006","95GG200003"
"B4491","Police Service of Northern Ireland",3,1,1,2018-10-21,"SUN","67800",334205,375493,"Belfast City",13,30,NA,NA,NA,NA,NA,NA,NA,NA,NA,1,"RURAL","2018",-5.92363397029136,54.6098176005865,"A","YORK STREET","A0002","95GG200003"
"B4520","Police Service of Northern Ireland",3,2,2,2018-10-23,"TUE","42600",334136,374576,"Belfast City",13,20,NA,NA,NA,NA,NA,NA,NA,NA,NA,2,"RURAL","2018",-5.92512004626575,54.6016038156158,"A","WARING STREET",NA,"95GG200003"
"B4551","Police Service of Northern Ireland",3,2,2,2018-10-25,"THU","51300",334173,374474,"Belfast City",2,30,6,3,1,11,1,1,1,1,1,1,"URBAN","2018",-5.92459452127938,54.600678328395,"U","NORTH STREET","U0620","95GG200003"
"B4701","Police Service of Northern Ireland",3,1,1,2018-11-02,"FRI","66600",334228,373982,"Belfast City",2,20,6,3,1,11,4,2,2,1,1,1,"URBAN","2018",-5.92396891032328,54.5962469535527,"A","MAY STREET","A0020","95GG390015"
"B4743","Police Service of Northern Ireland",3,1,1,2018-11-05,"MON","52200",334028,374397,"Belfast City",13,20,NA,NA,NA,NA,NA,NA,NA,NA,NA,NA,"RURAL","2018",-5.9268717145642,54.600025519925,"A","HIGH STREET","A0501","95GG200003"
"B4763","Police Service of Northern Ireland",3,1,1,2018-11-06,"TUE","64200",333638,373922,"Belfast City",13,30,NA,NA,NA,NA,NA,NA,NA,NA,NA,NA,"URBAN","2018",-5.93311809041511,54.595864497673,"A","HIGH STREET","A0501","95GG390015"
"B5029","Police Service of Northern Ireland",3,1,1,2018-11-22,"THU","55800",333587,374533,"Belfast City",2,30,NA,NA,NA,NA,NA,NA,NA,NA,NA,NA,"URBAN","2018",-5.93362871607639,54.6013630711946,"U","UPPER ARTHUR STREET","U0624","95GG400007"
"B5073","Police Service of Northern Ireland",3,2,1,2018-11-24,"SAT","41400",333934,374469,"Belfast City",13,30,NA,NA,NA,NA,NA,NA,NA,NA,NA,1,"RURAL","2018",-5.92829233084323,54.6006967754004,"U","MUSIC HALL LANE","U0624","95GG200003"
"B5135","Police Service of Northern Ireland",3,2,1,2018-11-27,"TUE","76440",333749,374850,"Belfast City",2,30,NA,NA,NA,NA,NA,NA,NA,NA,NA,1,"URBAN","2018",-5.93097937196444,54.6041660494517,"U","DONEGALL STREET","U0620","95GG350004"
"B5219","Police Service of Northern Ireland",2,1,1,2018-12-01,"SAT","82800",333751,374846,"Belfast City",13,30,12,7,1,1,7,5,2,1,1,1,"URBAN","2018",-5.93095026629277,54.6041296116573,"U","DONEGALL STREET","U0620","95GG350004"
"B5282","Police Service of Northern Ireland",3,2,3,2018-12-04,"TUE","63000",334232,374051,"Belfast City",2,30,NA,NA,NA,NA,NA,NA,NA,NA,NA,NA,"URBAN","2018",-5.92387554005121,54.5968653196399,"U","EXCHANGE STREET","U0620","95GG390015"
"B5355","Police Service of Northern Ireland",3,2,1,2018-12-07,"FRI","73200",334172,375910,"Belfast City",13,20,NA,NA,NA,NA,NA,NA,NA,NA,NA,2,"RURAL","2018",-5.92395371842264,54.6135698433044,"A","YORK STREET","A0002","95GG200003"
"B5387","Police Service of Northern Ireland",3,2,1,2018-12-09,"SUN","45000",333749,374849,"Belfast City",13,20,NA,NA,NA,NA,NA,NA,NA,NA,NA,1,"URBAN","2018",-5.93097982745015,54.6041570722159,"U","DONEGALL STREET","U0620","95GG350004"
"B5492","Police Service of Northern Ireland",3,1,1,2018-12-14,"FRI","79800",334347,374361,"Belfast City",13,30,NA,NA,NA,NA,NA,NA,NA,NA,NA,1,"RURAL","2018",-5.92195574834536,54.5996177263078,"U","ARTHUR STREET","U0624","95GG200003"
"B5517","Police Service of Northern Ireland",3,1,1,2018-12-16,"SUN","17040",334162,374480,"Belfast City",13,30,NA,NA,NA,NA,NA,NA,NA,NA,NA,2,"RURAL","2018",-5.92476186732314,54.6007351090186,"U","NORTH STREET","U0620","95GG200003"
"B554","Police Service of Northern Ireland",3,2,1,2018-02-02,"FRI","21600",333916,374326,"Belfast City",13,20,NA,NA,NA,NA,NA,NA,NA,NA,NA,NA,"URBAN","2018",-5.92863585486394,54.5994177970183,"U","CHAPEL LANE","U0621","95GG210002"
"B5802","Police Service of Northern Ireland",3,2,2,2019-01-06,"SUN","52800",333499,374712,"Belfast City",13,30,NA,NA,NA,NA,NA,NA,NA,NA,NA,NA,"URBAN","2019",-5.93490807233137,54.6029932320363,"A","MAY STREET","A0020","95GG350004"
"B586","Police Service of Northern Ireland",3,1,1,2018-02-03,"SAT","75600",334010,374605,"Belfast City",2,30,NA,NA,NA,NA,NA,NA,NA,NA,NA,NA,"RURAL","2018",-5.9270551271591,54.6018975499029,"A","HIGH STREET","A0501","95GG200003"
"B5896","Police Service of Northern Ireland",2,1,1,2019-01-12,"SAT","55800",333740,373977,"Belfast City",2,30,12,7,1,11,2,10,1,1,1,2,"URBAN","2019",-5.93151606313291,54.5963312955697,"A","DONEGALL PLACE","A0006","95GG390015"
"B5941","Police Service of Northern Ireland",3,2,1,2019-01-16,"WED","81300",333638,374992,"Belfast City",13,30,8,3,1,11,4,2,2,1,1,1,"URBAN","2019",-5.93263122960669,54.6054701570385,"U","DONEGALL STREET","U0620","95GG350005"
"B6025","Police Service of Northern Ireland",2,1,1,2019-01-22,"TUE","24960",333622,374078,"Belfast City",13,30,6,3,1,11,1,1,1,1,1,1,"URBAN","2019",-5.93329450636385,54.5972691760309,"U","ROSEMARY STREET","U0620","95GG390015"
"B6069","Police Service of Northern Ireland",3,2,1,2019-01-23,"WED","81900",334046,375209,"Belfast City",13,30,8,3,1,1,7,10,10,1,1,2,"URBAN","2019",-5.92622273049085,54.6073102457886,"A","CHICHESTER STREET","A0020","95GG350003"
"B6224","Police Service of Northern Ireland",3,2,1,2019-02-02,"SAT","77700",333645,374992,"Belfast City",13,30,NA,NA,NA,NA,NA,NA,NA,NA,NA,NA,"URBAN","2019",-5.9325229792978,54.6054683074701,"U","DONEGALL STREET","U0620","95GG350005"
"B6290","Police Service of Northern Ireland",3,2,1,2019-02-07,"THU","57000",333632,374270,"Belfast City",13,30,NA,NA,NA,NA,NA,NA,NA,NA,NA,NA,"URBAN","2019",-5.93305254968275,54.5989901681757,"U","ROSEMARY STREET","U0620","95GG210002"
"B6321","Police Service of Northern Ireland",3,1,1,2019-02-09,"SAT","45000",333940,374447,"Belfast City",13,30,NA,NA,NA,NA,NA,NA,NA,NA,NA,NA,"URBAN","2019",-5.92820958876829,54.6004976878712,"U","BANK STREET","U0621","95GG210002"
"B6399","Police Service of Northern Ireland",3,2,1,2019-02-14,"THU","6000",333568,374062,"Belfast City",13,30,NA,NA,NA,NA,NA,NA,NA,NA,NA,NA,"URBAN","2019",-5.93413668793784,54.5971397986488,"U","UPPER ARTHUR STREET","U0624","95GG390015"
"B6502","Police Service of Northern Ireland",3,1,1,2019-02-20,"WED","57600",333630,374028,"Belfast City",13,30,NA,NA,NA,NA,NA,NA,NA,NA,NA,2,"URBAN","2019",-5.9331935606141,54.5968182001758,"U","WINETAVERN STREET","U0621","95GG390015"
"B6511","Police Service of Northern Ireland",3,1,1,2019-02-21,"THU","37800",333628,374251,"Belfast City",13,30,NA,NA,NA,NA,NA,NA,NA,NA,NA,NA,"URBAN","2019",-5.93312304081198,54.5988206568702,"U","ROSEMARY STREET","U0620","95GG210002"
"B6654","Police Service of Northern Ireland",3,3,1,2019-03-01,"FRI","64500",334080,373966,"Belfast City",13,20,NA,NA,NA,NA,NA,NA,NA,NA,NA,NA,"URBAN","2019",-5.92626440652525,54.5961425598555,"U","LOWER GARFIELD STREET","U0620","95GG390015"
"B6745","Police Service of Northern Ireland",3,2,1,2019-03-08,"FRI","10860",333634,374990,"Belfast City",13,30,NA,NA,NA,NA,NA,NA,NA,NA,NA,NA,"URBAN","2019",-5.93269399719253,54.6054532594041,"U","DONEGALL STREET","U0620","95GG350005"
"B7093","Police Service of Northern Ireland",3,2,1,2019-03-29,"FRI","67320",333793,374754,"Belfast City",13,30,NA,NA,NA,NA,NA,NA,NA,NA,NA,NA,"URBAN","2019",-5.93034270394728,54.6032925985477,"A","ROYAL AVENUE","A0006","95GG200003"
"B732","Police Service of Northern Ireland",3,1,1,2018-02-12,"MON","28800",333735,374025,"Belfast City",13,30,NA,NA,NA,NA,3,10,NA,NA,NA,2,"URBAN","2018",-5.93157151661392,54.5967635252226,"A","DONEGALL SQUARE SOUTH","A0020","95GG390015"
"B774","Police Service of Northern Ireland",3,2,1,2018-02-15,"THU","4200",333996,373968,"Belfast City",13,20,NA,NA,NA,NA,NA,NA,NA,NA,NA,1,"URBAN","2018",-5.92756219688753,54.5961827673575,"U","WELLINGTON STREET","U0624","95GG390015"
"B781","Police Service of Northern Ireland",3,2,1,2018-02-15,"THU","44400",333549,373969,"Belfast City",13,20,NA,NA,NA,NA,NA,NA,NA,NA,NA,NA,"URBAN","2018",-5.93447272810235,54.596309928465,"U","UPPER QUEEN STREET","U0624","95GG390015"
"B840","Police Service of Northern Ireland",3,2,1,2018-02-19,"MON","55380",334399,373999,"Belfast City",13,20,NA,NA,NA,NA,NA,NA,NA,NA,NA,1,"URBAN","2018",-5.92131734840331,54.5963541717684,"U","MONTGOMERY STREET","U0624","95GG390013"
"B851","Police Service of Northern Ireland",3,2,2,2018-02-20,"TUE","53100",333494,374717,"Belfast City",13,30,NA,NA,NA,NA,NA,NA,NA,NA,NA,1,"URBAN","2018",-5.93498311647826,54.6030394379041,"A","MAY STREET","A0020","95GG350004"
